GraphRAG Ground Truth Dataset - COURSES AI,,,,,
x Bắt buộc điền | v Tuỳ chọn (để trống nếu không có) | Mỗi hàng = 1 test case,,,,,
 id, query, ground_truth_answer,Retrieval_chunk_ids,retrieval_context,x query_type
"VD: q001, q002",Câu hỏi thực tế,Đáp án chuẩn đầy đủ,ID các đoạn văn bản liên quan đến câu trả lời,Các đoạn văn bản liên quan,single_hop | multi_hop | global
q001,"Em thích tự kinh doanh, khởi nghiệp sau khi ra trường, em có thể chọn ngành nào ạ các ac ơi","Nếu bạn yêu thích việc mình có thể tự kinh doanh, khởi nghiệp sau khi ra trường, bạn nên cân nhắc các ngành sau tại NEU:
Quản trị kinh doanh
Khởi nghiệp và đổi mới sáng tạo
Kinh doanh quốc tế
Marketing
Thương mại điện tử","""71f6c29e-2897-4fd9-a105-f753ea71154e"",""b7d515e9-b2f6-4ab7-b20a-0f292ecda6bd"",""6ef3c349-4060-4f89-88d7-37f08f333d5e"", ""6ef3c349-4060-4f89-88d7-37f08f333d5e"""," ""U VÀ ĐỊNH VỊ 3.1. Phân đoạn thị trường và lựa chọn thị trường mục tiêu 3.2. Định vị | [1] Chương 3 | Giảng viên - Kiểm tra bài cũ lý thuyết chương 2; - Giảng lý thuyết theo nội dung Chương 3; - Giảng viên giảng và trao đổi với sinh viên những tình huống thực tế. Sinh viên - Đọc lại kiến thức chương trước; - Xem trước giáo trình, tài liệu học tập Chương 3. | (i) Mức độ tham gia ; (ii) Mức độ tương tác; (iii) Chất lượng câu trả lời ; (iv) Thái độ (tôn trọng giảng viên và bạn cùng lớp, tôn trọng các quy định lớp học) | CLO3.5 |\n| 6 | Seminar 3 Chọn một doanh nghiệp kinh doanh dịch vụ cụ thể, trình bày các hoạt động trọng tâm mà doanh nghiệp đã thực hiện để tiến hành định vị | [1] Chương 3 | Giả"",
    ""nhân và nghiệp chủ, tư chất nghiệp chủ thành công | 3 |\n| CG1 Kiến thức | CLO1.3 | Hiểu và nắm vững được những việc cần làm để chuẩn bị khởi nghiệp | 3 |\n| CG1 Kiến thức | CLO1.4 | Hiểu và nắm vững được các vấn đề cơ bản về cơ hội kinh doanh và hình thành, lựa chọn ý tưởng kinh doanh | 3 |\n| CG1 Kiến thức | CLO1.5 | Biết được nội dung, vai trò của kế hoạch kinh doanh và các công việc cần làm tạo lập doanh nghiệp mới | 3 |\n| CG2 Kỹ năng | CLO 2.1 | Sinh viên có kỹ năng làm việc độc lập, tính kỉ luật | 3 |\n| CG2 Kỹ năng | CLO 2.2 | Sinh viên có kỹ năng làm việc nhóm năng động và đa dạng | 3 |\n| CG2 Kỹ năng | CLO 2.3 | Sinh viên có kỹ năng giao tiếp thông qua bài tập nhóm và thuyết trình | 3 |"",
    ""là một học phần bắt buộc trong chương trình đào tạo ngành Kinh doanh Thương mại. Học phần này tập trung vào việc nghiên cứu và phân tích các hoạt động thực tiễn trong lĩnh vực thương mại. Sinh viên tham gia học phần sẽ có cơ hội lựa chọn và viết chuyên đề về một trong ba định hướng chuyên sâu sau:\n\nQuản trị kinh doanh thương mại: Nghiên cứu về cách tổ chức và quản lý các hoạt động kinh doanh thương mại trong doanh nghiệp, bao gồm lập kế hoạch, thực hiện và giám sát các chiến lược kinh doanh.\n\nThương mại quốc tế: Tìm hiểu về các hoạt động thương mại giữa các quốc gia, bao gồm quy trình xuất nhập khẩu, các hiệp định thương mại quốc tế, và các chiến lược thâm nhập thị trường nước ngoài.\n\nHải qu"",
    ""ầu tư kinh doanh nông nghiệp; nghiên cứu thị trường và phát hiện cơ hội đầu tư kinh doanh nông nghiệp; lựa chọn loại hình tổ chức kinh doanh, lựa chọn công nghệ, quy trình và phương pháp sản xuất- bảo quản và chế biến nông sản. dự toán vốn đầu tư, phân tích hiệu quả đầu tư và ra quyết định đầu tư kinh doanh nông nghiệp. Đồng thời sinh viên cũng được trang bị kiến thức và một số kỹ năng quản lý dự án và phòng ngừa rủi ro trong đầu tư kinh doanh nông nghiệp. Học phần kết hợp giữa giảng lý thuyết với thảo luận và làm bài tập thực hành.\n\n Học phần gồm các nội dung chính sau:\n\n - Tổng quan về dự án đầu tư kinh doanh nông nghiệp\n\n - Nghiên cứu thị trường và đánh giá cơ hội đầu tư kinh doanh""",multi_hop
q002,Em thấy mình có năng khiếu quản lý thì Ngành nào học nhiều về quản lý vậy anh chị,"Các ngành học có liên quan đến quản lý tại Đại học Kinh tế Quốc dân bao gồm:
Hệ thống thông tin quản lý (7340405): Ngành này tập trung vào việc quản lý thông tin và hệ thống thông tin trong tổ chức.
Quản lý đất đai (7850103): Ngành này chuyên về quản lý và sử dụng đất đai một cách hiệu quả.
Kinh tế và quản lý đô thị (7310101): Ngành này liên quan đến việc quản lý các vấn đề kinh tế và phát triển đô thị.
Mỗi ngành đều có những môn học đặc trưng và cơ hội nghề nghiệp riêng, giúp sinh viên phát triển kỹ năng quản lý trong các lĩnh vực khác nhau.","""1f0f4d35-3a30-44b3-b1ca-66ae2f5497f7"",
    ""878b5368-0082-4e2d-a8a5-48ded8e10316"",""03f57522-8f33-49f3-9280-ee5e660498ac"",
    ""f9fbdc2b-e031-4e19-a326-3dfe61c5cccc""","""quản trị nhân lực. Có khả năng phân tích và đánh giá một cách đầy đủ về tầm quan trọng và ảnh hưởng của chủ đề đối với tổ chức. Trình bày các ý kiến và phản biện một cách logic và có cơ sở, sử dụng một số tài liệu nghiên cứu và ví dụ để hỗ trợ. | Hiểu biết hạn chế về các khái niệm và lý thuyết trong lĩnh vực quản trị nhân lực. Phân tích và đánh giá một cách hạn chế về tầm quan trọng và ảnh hưởng của chủ đề đối với tổ chức. Trình bày ý kiến và phản biện không thể hiện được một cách logic và mạch lạc, thiếu sự hỗ trợ từ tài liệu và ví dụ cụ thể. | Hiểu biết không đủ về các khái niệm và lý thuyết trong lĩnh vực quản trị nhân lực. Không thể phân tích và đánh giá được về tầm quan trọng và ảnh hưở"",
    ""o vấn đề thực tiễn quan sát và và vận dụng các kiến thức chuyên ngành để giải quyết vấn đề đó | 3 |\n| CG2 Kỹ năng | CLO 2.1 | Lên kế hoạch và chủ động thực hiện báo cáo thực tế | 3 |\n| CG3 Kỹ năng | CLO 3.1 | Có khả năng nhận biết, giải quyết các quyết định trong quản trị hoạt động dịch vụ khách hàng; dự trữ; vận chuyển; kho bãi; bao gói và logistics ngược ở doanh nghiệp | 3 |\n| CG4 Kỹ năng | CLO 4.1 | Có kỹ năng khai thác và phân tích số liệu, thông tin | 3 |\n| CG5 Năng lực tự chủ, trách nhiệm | CLO 5.1 | Thể hiện được sự tự lực khi làm việc độc lập, thể hiện trách nhiệm cá nhân | 3 |\n| CG6 Năng lực tự chủ, trách nhiệm | CLO 6.1 | Thể hiện quan điểm và bảo vệ quan điểm cá nhân dựa trên cách"",
    ""kỹ năng xử lý tình huống trong quản lý điều hành phát sinh tại các bộ phận của các doanh nghiệp du lịch và lữ hành | 4 |\n| CG2 Kỹ năng | CLO2.3 | Có khả năng thực hiện các công việc thực tế do các cơ sở thực tập phân công | 4 |\n| CG2 Kỹ năng | CLO2.4 | Có khả năng biểu đạt, trình bày, thuyết trình khóa luận tốt nghiệp thực tập trước hội đồng | 4 |\n| CG3 NLTC&TCTN | CLO 3.1 | Thể hiện sự say mê, ham tìm hiểu các vấn đề lý thuyết cũng như các vấn đề thực tiễn tại doanh nghiệp | 3 |\n| CG3 NLTC&TCTN | CLO 3.2 | Rèn luyện thái độ nghiêm túc, chủ động cầu thị và độc lập trong nghiên cứu | 3 |\n| CG3 NLTC&TCTN | CLO 3.3 | Có ý thức kỷ luật tốt, tuân thủ pháp luật và đạo đức nghề nghiệp | 3 |\n\n7. ĐÁ"",
    ""u của nhà quản trị. Học phần được hình thành từ nhiều kỹ năng, được tập hợp theo 3 nhóm: kỹ năng cá nhân, kỹ năng quan hệ con người, kỹ năng chuyên môn trong quản trị điều hành doanh nghiệp. Tùy theo chuyên ngành học mà sinh viên sẽ được chọn một số kỹ năng tương thích để nghiên cứu, thảo luận và trao đổi.\n\n Nội dung chính:\n\nGiới thiệu chung về nhà quản trị và kỹ năng quản trị\n\nKỹ năng quản lý thời gian và quản trị stress\n\nKỹ năng giao tiếp và đàm phán\n\nKỹ năng giải quyết vấn đề và ra quyết định\n\nKỹ năng lập kế hoạch kinh doanh\n\nKỹ năng xây dựng các yếu tố thương hiệu\n\nTÀI LIỆU HỌC TẬP (Leaning Resources: Course Books, Reference Books, and Softwares)\n\nGiáo trình\n\n [1] Ngô Kim Thanh, Nguyễn T""",multi_hop
q003,"Anh chị ơi cho em hỏi học ngành Bất động sản là mình sẽ được đào tạo về làm môi giới hay làm quy hoạch, đầu tư dự án vậy ạ?","Ngành Bất động sản (7340116) tại NEU đào tạo toàn diện, không chỉ giới hạn ở môi giới mà bao gồm cả:
- Kinh doanh và môi giới bất động sản
- Đầu tư và phát triển dự án bất động sản
- Thẩm định giá bất động sản
- Quản lý tòa nhà và khu đô thị
- Pháp luật về đất đai và nhà ở
Đây là ngành khá đặc thù và cơ hội việc làm rộng trong bối cảnh thị trường BĐS Việt Nam đang phát triển.","    ""5b4b3cf8-0c71-4eb6-98a5-378069157bca"",
    ""a54931e6-d525-4582-86d6-6e14e57faebc"",
    ""dae364b7-81bd-4c25-ae3d-df7d54571a79"",
    ""fa35482a-5d2e-4818-a61e-1466ea4133e3"",
    ""f7ba0251-46f5-4f59-a8ca-e1588aa76918"",
    ""0aaf2df9-fa7b-4edc-9535-7a8859269a3f"",
    ""e1b872b6-982e-4857-83ab-04dddf615a49"",
    ""f2e05453-5b71-4cac-9519-3242e77a472f""","""văn phòng môi giới; kỹ năng môi giới mua - bán; thuê - cho thuê bất động sản như: kỹ năng đàm phán, kỹ năng thu hút thuyết phục, kỹ năng giới thiệu bất động sản... \n\nĐồng thời môn học cũng trang bị cho học viên những kiến thức về nghiệp vụ tư vấn bất động sản, xây dựng các tình huống thực tế nhằm tạo lập cơ hội rèn luyện nâng cao kỹ năng tác nghiệp. Môn học còn cung cấp kiến thức về marketing bất động sản cho các cán bộ quản lý, kinh doanh trong lĩnh vực bất động sản. Kiến thức của môn học sẽ là nền tảng cơ sở, hỗ trợ cho việc hoàn thiện kiến thức các môn học chuyên ngành khác như quản lý bất động sản, định giá bất động sản, kinh doanh bất động sản, đầu tư tài chính bất động sản.\n\n4. TÀI LI"",
    ""à nền tảng cơ sở, hỗ trợ cho việc hoàn thiện kiến thức các môn học chuyên ngành khác như quản lý bất động sản, định giá bất động sản, kinh doanh bất động sản, đầu tư tài chính bất động sản.\n\n4. TÀI LIỆU THAM KHẢO (LEARNING RESOURCES: COURSE BOOKS, REFERENCE BOOKS, AND SOFTWARES)\n\nGiáo trình \n\n1. PGS TS Nguyễn Minh Ngọc & TS Nguyễn Thị Hải Yến, Giáo trình Môi giới bất động sản, Nhà xuất bản Đại học Kinh tế Quốc dân.\n\nTài liệu khác\n\n2. Gary Keller, Dave Jenks., Jay Papasan (2013), Triệu phú môi giới bất động sản, Nhà xuất bản Lao Động.\n\n3. Henry Huỳnh Anh Dũng (2015), Bậc thầy môi giới địa ốc, Nhà xuất bản Tổng hợp TP. HCM.\n\n5. MỤC TIÊU HỌC PHẦN (COURSE GOALS)\n\nBảng 1. Mục tiêu học phần\n\n| TT"",
    ""angtrung@neu.edu.vn |\n| 3 | TS Phạm Lan Hương | 0904100151 | huongpl@neu.edu.vn |\n\n3. MÔ TẢ HỌC PHẦN (COURSE DESCRIPTIONS)\n\nHọc phần Môi giới Bất động sản là môn học chuyên ngành, nằm trong khung chương trình đào tạo cử nhân bất động sản. Môn học trang bị cho học viên những kiến thức khoa học và kỹ năng nghiệp vụ cơ bản về môi giới bất động sản, tư vấn trong kinh doanh bất động sản. Môn học được thiết kế với các phần nội dung giúp cho người học hình thành các kỹ năng tạo lập, tổ chức và quản trị văn phòng môi giới; kỹ năng môi giới mua - bán; thuê - cho thuê bất động sản như: kỹ năng đàm phán, kỹ năng thu hút thuyết phục, kỹ năng giới thiệu bất động sản... \n\nĐồng thời môn học cũng trang bị c"",
    ""iến thức tổng quan vai trò môi giới bất động sản - Thảo luận về các ví dụ, câu hỏi, bài tập của seminar 1 - Hướng dẫn cách đọc và tìm hiểu môi giới doanh bất động sản. - Hướng dẫn phương thức làm bài tập nhóm | [1] Bài mở đầu [2] Slide bài lecture 1 | Giảng viên - Nhắc lại các kiến thức về đất đai, bất động sản - Hướng dẫn tìm hiểu hoạt động môi giới bất động sản - Hướng dẫn cách tìn dữ liệu về môi giới bất động sản. - Hướng dẫn cách tìm chủ đề, dữ liệu, tài liệu tham khảo cho bài tập nhóm - Xác định các nhóm làm bài tập Sinh viên - Đọc tài liệu trước - Theo dõi các bước thực hành tìm hiểu tài liệu về dự án. - Phân nhóm làm bài tập nhóm | - Điểm danh - Trả lời câu hỏi trong slide seminar 1 -"",
    ""ường bất động sản |\n\n2. KHOA/VIỆN QUẢN LÝ VÀ GIẢNG VIÊN GIẢNG DẠY \n\n(Management Faculty and Teachers)\n\nKhoa/Viện quản lý học phần: Khoa Bất động sản và Kinh tế tài nguyên\n\nĐịa chỉ: Phòng 703, Nhà A1, Trường ĐH Kinh tế Quốc dân\n\nGiảng viên giảng dạy học phần: \n\n| TT | Họ và tên | Số điện thoại | Email |\n| ---- | ------------------------- | ------------- | --------------------- |\n| 1 | TS Nguyễn Thị Tùng Phương | 0914799996 | tungphuong@neu.edu.vn |\n| 2 | ThS Nguyễn Thắng Trung | 098 565 6569 | thangtrung@neu.edu.vn |\n| 3 | TS Phạm Lan Hương | 0904100151 | huongpl@neu.edu.vn |\n\n3. MÔ TẢ HỌC PHẦN (COURSE DESCRIPTIONS)\n\nHọc phần Môi giới Bất động sản là môn học chuyên ngành, nằm trong khung chươ"",
    ""bất động sản 5.2. Tổ chức và quản trị doanh nghiệp môi giới bất động sản | [1] Chương 4, mục 4.1 đến 4.2 [2] Slide bài lecture 5 [4] Chapter 4 [5] Chapter 5 | Giảng viên - Giảng lý thuyết theo nội dung slide lecture 5 - Giới thiệu ví dụ trong slide - Hướng dẫn đọc giáo trình chương 5, tài liệu tham khảo - Yêu cầu sinh viên xem trước ví dụ, câu hỏi, dành cho seminar 5 Sinh viên - Đọc trước các tài liệu - Xem trước các ví dụ, làm bài tập được yêu cầu - Chuẩn bị thảo luận cho việc đặt biến giả với bài tập nhóm | | CLO1- |\n| 15 | Seminar 5 - Hướng về bản chất khởi nghiệp môi giới bất động sản - Hướng dẫn chi tiết nghiệp vụ trong tổ chức quản trị môi giới bất động sản -Thảo luận về nguyên tắc đàm"",
    ""c | CLO1.1 | Hiểu được khái niệm, kiến thức cơ bản về hoạt động môi giới bất động sản. Hiểu rõ và phân tích được đặc trưng, vai trò và yêu cầu chuyên môn của nghề môi giới bất động sản. Nắm vững những nghiệp vụ chuyên môn trong hoạt động môi giới bất động sản | 3 |\n| CG1 Kiến thức | CLO1.2 | Sinh viên có thu thập thông tin, phân tích, đánh giá căn bản các đối tượng tham gia thương vụ; để thực hiện các nghiệp vụ môi giới bất động sản; có khả năng tổ chức triển khai thực hiện một thương vụ môi giới bất động sản, | 3 |\n| CG1 Kiến thức | CLO1.3 | Vận dụng phân tích một số thương vụ môi giới bất động sản, đánh giá và vận dụng triển khai thực hiện trong thực tế. | 3 |\n| CG2 Kỹ năng | CLO2.1 | Phát"",
    ""môi giới bất động sản một số phân khúc bất động sản (bất động sản dự án; bất động thổ cư; bất động sản khu công nghiệp và các loại bất động sản khác) - Thảo luận về các tình huống - Thảo luận về chủ đề bài tập nhóm khi có nhóm đề xuất | [1] Chương 1 [2] Slide bài seminar 2 [3] Bài thực hành 3 | Giảng viên - Hướng dẫn tìm hiểu các thương vụ môi giới bất động sản. - Hướng dẫn trả lời câu hỏi - Tình huống phân tích quy trình môi giới, thương vụ môi giới cụ thể. - Hướng dẫn tìm chủ đề, số liệu cho bài tập lớn - Bình luận về chủ đề của nhóm đã đề xuất Sinh viên - Đọc tài liệu trước - Theo dõi các bước thực hành - Đề xuất chủ đề bài tập lớn - Tham gia thảo luận về chủ đề bài tập lớn của nhóm mình""
  ",single_hop
q004,Học ngành công nghệ thông tin ra trường làm gì?,"Học ngành CÔNG NGHỆ THÔNG TIN (mã ngành: 7480201) ra trường, bạn có thể làm các nghề nghiệp như:
- LẬP TRÌNH VIÊN
- KỸ SƯ PHẦN MỀM
- KIỂM THỬ TỰ ĐỘNG
- CHUYÊN VIÊN PHÂN TÍCH DỮ LIỆU
- KỸ SƯ CẦU NỐI
- LẬP TRÌNH GAME
- TESTER","""703868d8-bfe9-404b-a06c-ed013ec8e94c"",
    ""8d798301-6515-4f47-8fa6-47ecf412275a"",

  ""1f5d96db-d00a-4166-b7f8-9228ee194338"",
    ""80abb885-4ebb-4242-b1a2-74fd79979eae""","""--------------------------------------------------------------------------------- | ------------ |\n| [1] | [2] | [3] |\n| CG1 | Học phần cung cấp kiến thức sâu rộng về ngành Công nghệ thông tin, từ việc nắm vững các nguyên lý cơ bản đến hiểu biết sâu sắc về các công nghệ tiên tiến nhất. Thông qua việc nghiên cứu và thực hiện khoá luận tốt nghiệp, sinh viên sẽ phát triển kiến thức, hiểu biết sâu sắc về các ngôn ngữ lập trình, cơ sở dữ liệu, mạng máy tính và các khái niệm quan trọng khác trong lĩnh vực này. Sinh viên sẽ có cơ hội áp dụng những kiến thức họ đã học vào việc giải quyết các vấn đề thực tế, từ việc phát triển ứng dụng cho đến việc tối ưu hóa hệ thống. | |\n| CG2 | Học phần khuyến khí"",
    ""trong khối kiến thức ngành của ngành Công nghệ thông tin. Học phần bao gồm các nội dung tổng quan về phân tích thiết kế hệ thống và phân tích thiết kế hướng đối tượng: Hệ thống, hệ thống thông tin, vòng đời phát triển hệ thống, đội ngũ phát triển hệ thống, phương pháp phát triển hệ thống, quy trình phát triển phần mềm, ngôn ngữ mô hình hóa thống nhất UML; Khảo sát hệ thống và xác lập dự án phát triển hệ thống; Mô hình hóa yêu cầu nghiệp vụ, yêu cầu chức năng, mô hình hóa cấu trúc và hành vi của hệ thống; Thiết kế kiến trúc, thiết kế giao diện người dùng và thiết kế lớp và dữ liệu. \n\nHọc phần cũng giúp sinh viên rèn luyện kỹ năng tư duy, khả năng tự tìm hiểu các kiến thức liên quan đến phân t"",
""nghệ thông tin\n\nĐịa chỉ: P.1310-1312, Tòa nhà A1, Trường Đại học KTQD, 207 Giải Phóng, Hai Bà Trưng, Hà Nội\n\nGiảng viên giảng dạy học phần: \n\n| STT | Họ và tên | Email |\n| ---- | ----------------------- | ----------------- |\n| 1 | TS. Phạm Minh Hoàn | hoanpm@neu.edu.vn |\n| 2 | ThS. Tống Thị Minh Ngọc | ngoctm@neu.edu.vn |\n\n3. MÔ TẢ HỌC PHẦN (Course Descriptions)\n\n Học phần trang bị cho người học kiến thức cơ bản về công nghệ đa phương tiện cũng như các hướng nghiên cứu và ứng dụng của lĩnh vực này. Người học nắm được kỹ thuật biến đổi âm thanh, tiếng nói, trích chọn đặc trưng của âm thanh và đảm bảo chất lượng truyền âm thanh. Người học cũng nắm được các kỹ thuật nén ảnh và dữ liệu video, đả"",
    ""à học phần bắt buộc nằm trong khối kiến thức ngành của ngành Công nghệ thông tin. Học phần bao gồm các nội dung tổng quan về mạng máy tính và truyền số liệu: kiến trúc mạng, các giao thức truyền thông; Các kỹ thuật truyền số liệu: các phương pháp mã hóa điều chế, phát hiện lỗi và sửa lỗi, điều khiển truyền số liệu; Các yếu tố cơ bản và các thiết bị mạng LAN; Các kỹ thuật mạng diện rộng; Giao thức TCP/IP và các dịch vụ mạng Internet phổ biến. \n\n Học phần cũng giúp sinh viên rèn luyện kỹ năng tư duy, khả năng tự tìm hiểu các kiến thức liên quan đến hệ thống mạng máy tính. Sinh viên có năng lực làm việc độc lập và làm việc theo nhóm. Sinh viên có thể vận dụng các kiến thức đã học để giải quyết""",single_hop
q005,Lập trình game là tự học hay theo chuyên ngành nào thế có phải công nghệ đa phương tiện k ạ,"Lập trình game có thể được học qua các chuyên ngành như công nghệ thông tin (mã ngành: 7480201), khoa học máy tính (mã ngành: 7480101), công nghệ đa phương tiện, máy tính & khoa học thông tin, và mỹ thuật đa phương tiện.","""c01c9171-0145-4c5f-9b1a-3e4903f98984"",
    ""08a57b2f-948b-4c7a-9cf0-8c613bbb9eda"",
  ""dc2a564f-7a8c-49ef-9c0f-3552e5d216f3"",""56932ed9-34b4-4ad5-8cda-e25a3c6e516c""","""trước của học phần Lập trình hướng đối tượng và Lập trình nâng cao. Học phần này cung cấp những kiến thức cơ bản để làm quen với phương pháp, tư duy lập trình và giải các bài toán trên máy tính cụ thể là: các cấu trúc lập trình căn bản; Một số giải thuật cơ bản; Các cấu trúc dữ liệu,… Các ví dụ được minh họa bằng ngôn ngữ lập trình C.\n\n Học phần rèn luyện cho người học có kỹ năng lập trình cơ bản trên máy tính thông qua ngôn ngữ lập trình C. Đồng thời rèn luyện khả năng nghiên cứu, phân tích, thiết kế các môđun chức năng. Ngoài ra học phần trang bị cho người học kiến thức, kỹ năng và năng lực cần thiết để vận dụng tư duy và kiến thức đã học trong việc nghiên cứu các môn lập trình tiếp theo"",
    ""ngct@neu.edu.vn |\n| 3 | TS. Nguyễn Thanh Hương | huongnt_cntt@neu.edu.vn |\n| 4 | TS. Phạm Xuân Lâm | lampx@neu.edu.vn |\n| 5 | TS. Tống Thị Hảo Tâm | tamtth@neu.edu.vn |\n| 6 | TS. Lê Thị Hoài Thu | thulh@neu.edu.vn |\n| 7 | ThS. Trần Thị Mỹ Diệp | diepttm@neu.edu.vn |\n| 8 | ThS. Phạm Thảo | thaop@neu.edu.vn |\n\n3. MÔ TẢ HỌC PHẦN (COURSE DESCRIPTIONS)\n\n Học phần nằm trong khối kiến thức cơ sở ngành của ngành Công nghệ thông tin, Khoa học máy tính, Hệ thống thông tin,…. Học phần cũng là điều kiện học trước của học phần Lập trình hướng đối tượng và Lập trình nâng cao. Học phần này cung cấp những kiến thức cơ bản để làm quen với phương pháp, tư duy lập trình và giải các bài toán trên máy tính cụ th"",
   ""thức về công nghệ đa phương tiện bằng cách làm việc độc lập cũng như theo nhóm. Người học có khả năng ứng dụng công nghệ đa phương tiện để xây dựng một ứng dụng thực tế\n\nNội dung chính:\n\n - Khái niệm đa phương tiện\n\n - Khai thác dữ liệu trên Internet\n\n - Âm thanh và công nghệ xử lý âm thanh\n\n - Hình ảnh và công nghệ xử lý hình ảnh\n\n - Video và công nghệ xử lý video\n\n - Cơ sở dữ liệu đa phương tiện\n\n - Thực tế ảo\n\n4. TÀI LIỆU HỌC TẬP (Learning resources: Course Books, Reference Books, and Softwares)\n\n4.1. Giáo trình\n\n[1] Syed Mahbubu Rahman (2008) Multimedia Technologies Concepts Methodologies Tools and Applications, Minnesota State University.\n\n[2] David Salomon (2004), Data compression, Sp"",""hay Java để minh họa)\n\n Học phần cũng nhằm rèn luyện kỹ năng tư duy, khả năng tự tìm hiểu các kiến thức về phương pháp lập trình hướng đối tượng bằng cách làm việc độc lập cũng như theo nhóm. Người học có kỹ năng xây dựng một ứng dụng thực tế bằng phương pháp lập trình hướng đối tượng.\n\nNội dung chính:\n\n - Các khái niệm cơ bản về lập trình hướng đối tượng\n\n - Lớp và đối tượng\n\n - Tính kế thừa\n\n - Tính đa hình\n\n - Dòng dữ liệu vào ra\n\n - Xử lý ngoại lệ\n\n \n\n4. TÀI LIỆU HỌC TẬP (Learning resources: Course Books, Reference Books, and Softwares)\n\n4.1. Giáo trình\n\n[1] Nguyễn Thanh Thủy (2017) Lập trình hướng đối tượng với C++, Nhà xuất bản Khoa Học và Kỹ Thuật.\n\n[2] Phạm Văn Ất và Lê Trường Thông""
  ",multi_hop
q006,kinh tế vi mô khác gì vĩ mô,"Kinh tế vi mô và kinh tế vĩ mô là hai lĩnh vực khác nhau trong kinh tế học.
- Kinh tế vi mô tập trung vào hành vi của các cá nhân và doanh nghiệp, nghiên cứu các quyết định của họ trong việc phân bổ tài nguyên, sản xuất và tiêu dùng. Nó bao gồm các khái niệm như cung và cầu, cấu trúc thị trường, và quyết định của doanh nghiệp.
- Kinh tế vĩ mô nghiên cứu các hiện tượng kinh tế tổng thể, như tăng trưởng kinh tế, lạm phát, thất nghiệp và chính sách kinh tế của chính phủ. Nó xem xét các yếu tố ảnh hưởng đến nền kinh tế quốc gia hoặc toàn cầu.
Tóm lại, kinh tế vi mô tập trung vào các yếu tố nhỏ hơn trong nền kinh tế, trong khi kinh tế vĩ mô xem xét các vấn đề lớn hơn và tổng thể hơn.",,,multi_hop
q007,Mn cho em xin ý kiến ngành khoa học máy tính và công nghệ thông tin với ngành nào thì cơ hội tìm việc làm cao hơn ạ,"Ngành khoa học máy tính (7480101) có cơ hội nghề nghiệp cao hơn so với ngành công nghệ thông tin (7480201). Cụ thể, khoa học máy tính dẫn đến các nghề như lập trình viên, kỹ sư phần mềm và kiểm thử tự động, trong khi công nghệ thông tin cũng có các nghề tương tự nhưng ít đa dạng hơn.
Về môn học, khoa học máy tính cung cấp các môn như nhập môn công nghệ thông tin (CNTT1116), lập trình hướng đối tượng (CNTT1131), và phân tích và thiết kế hệ thống (CNTT1117). Những môn học này giúp sinh viên trang bị kiến thức và kỹ năng cần thiết cho các vị trí công việc trong lĩnh vực công nghệ.
Nếu bạn đang cân nhắc giữa hai ngành này, khoa học máy tính có vẻ là lựa chọn tốt hơn về mặt cơ hội nghề nghiệp.",,,multi_hop
q008,Cho em hỏi giờ em muốn làm data engineer thì cẩn những gì vậy ạ với nghề đó có nhiều cơ hội kh ạ,"Để trở thành một data engineer, bạn cần trang bị một số kỹ năng quan trọng như:
Kỹ năng giao tiếp.
Hiểu rõ về các mô hình dữ liệu, thuật toán, kỹ thuật chuyển đổi dữ liệu.
Có kinh nghiệm liên quan đến các giải pháp BI và ETL.
Có kinh nghiệm liên quan đến kho dữ liệu, các công cụ phân tích.
Có kiến thức, sử dụng được những công cụ chuyên dụng như hadoop, kafka.
Cần biết sử dụng các công cụ liên quan đến thiết kế, xây dựng kho dữ liệu.
Cần biết sử dụng sql.
Kỹ năng phân tích logic.
Kỹ năng thiết kế và trình bày báo cáo.
Về cơ hội nghề nghiệp, ngành data engineer hiện đang có nhiều cơ hội phát triển do nhu cầu ngày càng tăng trong việc xử lý và phân tích dữ liệu trong các tổ chức.",,,multi_hop
q009,Em mạnh về phân tích dữ liệu nhưng không thích lập trình thì phù hợp nghề nào?,"Nếu bạn mạnh về phân tích dữ liệu nhưng không thích lập trình, bạn có thể xem xét các nghề nghiệp như:
Chuyên viên dữ liệu - nghề này yêu cầu kỹ năng phân tích dữ liệu.
Data analyst - cũng là một lựa chọn phù hợp với kỹ năng phân tích dữ liệu.
Kế toán quản trị - nghề này yêu cầu sử dụng thành thạo các phần mềm kế toán và phần mềm phân tích dữ liệu
Ngoài ra, bạn có thể tham khảo môn học phân tích dữ liệu (mã môn: TKKT1124) để nâng cao kiến thức của mình trong lĩnh vực này.",,,global
q010,Làm Data Analyst thì cần những kỹ năng gì?,"Để trở thành một data analyst, bạn cần trang bị cho mình một số kỹ năng quan trọng như sau:
Phân tích dữ liệu
Sử dụng các công cụ thống kê và truy vấn
Ngôn ngữ lập trình
Công cụ trực quan hóa
Kiến thức về toán học, thống kê và khai phá dữ liệu
Kỹ năng quan sát, tư duy logic và phân tích
Kỹ năng giao tiếp và diễn giải dữ liệu
Giải quyết vấn đề và làm việc nhóm
Quản lý thời gian và tổ chức công việc
Những kỹ năng này sẽ giúp bạn thực hiện tốt công việc của một data analyst. Chúc bạn thành công!","""e94f4ec0-1d87-4bc0-846e-cc75cf4134db"",
    ""28acd735-6f6f-41ca-91e2-afe6f0330b65"",
   ""959d9a98-b75c-4e92-839a-df5155608794"",""c3ba2690-832d-417f-810a-066af68b1233""","""ân tích dữ liệu hoặc vai trò liên quan\n\nCó kinh nghiệm tạo báo cáo, trang tổng quan và bản trình bày để hỗ trợ việc ra quyết định sáng suốt\n\nCó kinh nghiệm sử dụng toán học, công cụ trực quan hóa dữ liệu, chuyển đổi khối lượng lớn dữ liệu phức tạp thành giải pháp\n\nNâng cao trong MS Excel\n\nTrải nghiệm với SQL, VBA và các công cụ trực quan hóa như Qlik, Qlikview, QuickSight, v.vv..\n\nKỹ năng mềm (soft skills)\n\nTư duy logic\n\nĐây là kỹ năng quan trọng nếu muốn trở thành một chuyên viên phân tích dữ liệu Data Analyst. Khả năng tư duy đóng vai trò trong việc khai thác và phân tích dữ liệu hay tìm kiếm các lỗ hổng trong tệp dữ liệu. Qua đó, Data Analyst mới có thể dễ dàng phân tích và diễn giải các"",
    ""iệu Data Analyst. Khả năng tư duy đóng vai trò trong việc khai thác và phân tích dữ liệu hay tìm kiếm các lỗ hổng trong tệp dữ liệu. Qua đó, Data Analyst mới có thể dễ dàng phân tích và diễn giải các biểu đồ, dữ liệu số đã phân tích một cách chính xác và thực tế.\n\nSự cẩn thận, tỉ mỉ\n\nVới khối lượng dữ liệu thô khổng lồ, việc nắm chắt tổng thể và không bỏ sót bất kỳ thông tin nào là yêu cầu bắt buộc với Data Analyst. Chỉ cần một sai sót nhỏ trong phân tích, báo cáo đều có thể ảnh hưởng tới hiệu quả vận hành của doanh nghiệp. Vì thế, kỹ năng cẩn thận, tỉ mỉ rất cần thiết để trở thành Data Analyst giỏi.\n\nBảo mật dữ liệu\n\nĐây là yêu cầu của bất kỳ doanh nghiệp nào khi làm việc. Các chuyên viên p"",    ""uả vận hành của doanh nghiệp. Vì thế, kỹ năng cẩn thận, tỉ mỉ rất cần thiết để trở thành Data Analyst giỏi.\n\nBảo mật dữ liệu\n\nĐây là yêu cầu của bất kỳ doanh nghiệp nào khi làm việc. Các chuyên viên phân tích dữ liệu cần thể hiện sự chuyên nghiệp, giữ kín dữ liệu và thông tin quan trọng. Tuyệt đối không tự tiện chia sẻ thông tin cho bất cứ đối tượng nào khác (ngoài công ty).\n\nKỹ năng giao tiếp, trình bày\n\nKhông phải bất cứ ai cũng hiểu chính xác những con số thống kê từ kết quả nghiên cứu của chuyên viên phân tích dữ liệu Data Analyst. Vì thế, chuyên viên phân tích dữ liệu cần phải trình bày, giao tiếp tốt để giải thích kỹ các phát hiện mang tính hữu ích cho việc dự báo, đưa ra quyết định."",""dự đoán để đưa ra những phương án tối ưu nhất dành cho từng kết quả.\n\nCác công việc khác được phân công\n\nChuyên viên phân tích dữ liệu có thể sử dụng công cụ hỗ trợ như Tableau (Bi Tool) để thiết kế báo cáo gửi đến các phòng ban. Nếu cấp trên nhận thấy có bất cứ vấn đề nào (chưa đạt chuẩn, chưa đủ cơ sở để kết luận…) Data Analyst cần chỉnh sửa, bổ sung hay khắc phục sự cố môi trường cơ sở dữ liệu và báo cáo.\n\n4. Kỹ năng yêu cầu (Skills)\n\nKỹ năng chuyên môn (hard skills)\n\nCó kinh nghiệm trong phân tích dữ liệu hoặc vai trò liên quan\n\nCó kinh nghiệm tạo báo cáo, trang tổng quan và bản trình bày để hỗ trợ việc ra quyết định sáng suốt\n\nCó kinh nghiệm sử dụng toán học, công cụ trực quan hóa dữ l""
  ",global
q011,"Em chào các ac em hiện đang là sv năm nhất ở NEU ngành CNTT, cho em hỏi nên học những môn trọng tâm gì để có thể ra trường làm lập trình viên ạ","Để trở thành lập trình viên, bạn nên học các môn sau đây:
Lập trình java - Mã môn: CNTT1153
Lập trình python - Mã môn: CNTT1180
Lập trình hướng đối tượng - Mã môn: CNTT1131
Phân tích và thiết kế hệ thống - Mã môn: CNTT1117
Hệ quản trị cơ sở dữ liệu - Mã môn: CNTT1152
Phát triển ứng dụng di động - Mã môn: CNTT1157
Lập trình web - Mã môn: CNTT1188","""08a57b2f-948b-4c7a-9cf0-8c613bbb9eda"",
    ""a1be8c82-a671-4137-a381-5782be828d6b"",
    ""b68d7daa-0b93-4ef4-8c31-96e2b2d8e48b"",
    ""2b3d29fc-8fa3-491b-810f-c8f2bad201e0"",
    ""4b12b3c4-3c5e-45ea-87ae-a2b5d6dc0249"",
    ""08cad53d-07bf-4596-921a-02945c2219c9"",
    ""ac4bad96-bbf9-43fc-9789-e3c3e2d009ab"",
    ""5431122a-4df8-4c9f-915b-c5cdcb76e0dc"",    ""fb4dd25a-1d20-466b-8ffa-915eaec9c7db"",","""ngct@neu.edu.vn |\n| 3 | TS. Nguyễn Thanh Hương | huongnt_cntt@neu.edu.vn |\n| 4 | TS. Phạm Xuân Lâm | lampx@neu.edu.vn |\n| 5 | TS. Tống Thị Hảo Tâm | tamtth@neu.edu.vn |\n| 6 | TS. Lê Thị Hoài Thu | thulh@neu.edu.vn |\n| 7 | ThS. Trần Thị Mỹ Diệp | diepttm@neu.edu.vn |\n| 8 | ThS. Phạm Thảo | thaop@neu.edu.vn |\n\n3. MÔ TẢ HỌC PHẦN (COURSE DESCRIPTIONS)\n\n Học phần nằm trong khối kiến thức cơ sở ngành của ngành Công nghệ thông tin, Khoa học máy tính, Hệ thống thông tin,…. Học phần cũng là điều kiện học trước của học phần Lập trình hướng đối tượng và Lập trình nâng cao. Học phần này cung cấp những kiến thức cơ bản để làm quen với phương pháp, tư duy lập trình và giải các bài toán trên máy tính cụ th"",
    ""n Quang Minh | 0377885769 | doanquangminh@neu.edu.vn |\n\n3. MÔ TẢ HỌC PHẦN (COURSE DESCRIPTIONS)\n\nHọc phần lập trình nâng cao là môn học dành cho sinh viên ngành Hệ thống thông tin quản lý và Công nghệ thông tin. Học phần giúp sinh viên tiếp cận, làm quen với kỹ thuật lập trình hiện đại, đó là kỹ thuật Lập trình hướng đối tượng và các công cụ mới so với ngôn ngữ C của ngôn ngữ lập trình C++. Nội dung học phần bao gồm: Các công cụ mới trong C++; phương pháp và cách thức xây dựng lớp và các thành phần của lớp; tính thừa kế và tính đa bội trong kỹ thuật lập trình hướng đối tượng...\n\n Sau khi học xong học phần này sinh viên phải nắm được các kiến thức, kỹ năng lập trình nâng cao trong lập trình C"",
    ""2727528 | thulh@neu.edu.vn |\n| TS. Tống Thị Hảo Tâm | 0913520505 | tamtth@neu.edu.vn |\n| TS. Nguyễn Ngọc Tuấn | | tuannn@neu.edu.vn |\n| | | |\n\n3. MÔ TẢ HỌC PHẦN (Course Descriptions)\n\nLà học phần tổng hợp, giúp sinh viên vận dụng các kiến thức đã học trong các học phần trước để có thể bước đầu nghiên cứu một vấn đề dưới sự hướng dẫn của giảng viên hướng dẫn. Sinh viên sẽ lập một báo cáo để tổng hợp những nội dung đã nghiên cứu.\n\nNội dung chính:\n\n - Quản trị hệ thống CNTT\n\n - Mạng máy tính và An ninh mạng.\n\n - Phát triển ứng dụng di động.\n\n - Dữ liệu lớn\n\n - Điện thoán đám mây\n\n - Thiết kế và Phát triển Phần mềm.\n\n - Mạng kết nối vạn vật\n\n - Hệ thống và Mạng thông tin.\n\n - Trí tuệ nhân tạo (A"",
    ""| TS. Tống Thị Hảo Tâm | 0913520505 | tamtth@neu.edu.vn |\n| TS. Nguyễn Ngọc Tuấn | 0949877168 | tuannn@neu.edu.vn |\n\n3. MÔ TẢ HỌC PHẦN (Course Descriptions)\n\nLà học phần tổng hợp, giúp sinh viên vận dụng các kiến thức đã học trong các học phần trước để có thể bước đầu nghiên cứu một vấn đề dưới sự hướng dẫn của giảng viên hướng dẫn. Sinh viên sẽ lập một báo cáo để tổng hợp những nội dung đã nghiên cứu.\n\nNội dung chính:\n\n - Quản trị hệ thống CNTT\n\n - Mạng máy tính và An ninh mạng.\n\n - Phát triển ứng dụng di động.\n\n - Dữ liệu lớn\n\n - Điện thoán đám mây\n\n - Thiết kế và Phát triển Phần mềm.\n\n - Mạng kết nối vạn vật\n\n - Hệ thống và Mạng thông tin.\n\n - Trí tuệ nhân tạo (AI) \n\n - Mã khối và mã hoá"",
    ""chuyên ngành. Đọc và hiểu những tài liệu cơ bản chuyên ngành CNTT. Trao đổibằng tiếng Anh những vấn đề đơn giản của CNTT với người nước ngoài sử dụng tiếng Anh. \n\nHọc phần trang bị cho người học những kiến thức, kỹ năng và năng lực cần thiết để tìm kiếm, truy xuất và khai thác các nguồn học liệu bằng tiếng Anh liên quan đến những môn học chuyên ngành trong chương trình đào tạo, và tiếp tục học cao hơn.\n\nNội dung chính:\n\nComputer Types\n\nComputer components\n\nStorage and Memory \n\nInput and Output Devices \n\nPeripherals\n\nSoftware\n\nOperating Systems\n\nSoftware Applications\n\nProgramming Languages\n\nNetworking\n\nThe Internet\n\nIT Careers\n\nPeople in IT\n\n4. TÀI LIỆU HỌC TẬP (Learning resources: Course Boo"",
    ""oa Công nghệ thông tin\n\nĐịa chỉ: P1310 - P1311 Nhà A1, Trường ĐH Kinh tế Quốc dân, 207 Giải Phóng, Hai Bà Trưng, Hà Nội\n\nGiảng viên giảng dạy học phần: \n\n| STT | Họ và tên | Email NEU |\n| ---- | --------------------- | ----------------- |\n| | TS. Đặng Minh Quân | quandm@neu.edu.vn |\n| | TS. Nguyễn Trung Tuấn | tuannt@neu.edu.vn |\n\n3. MÔ TẢ HỌC PHẦN (Course Descriptions)\n\n Học phần này cung cấp kiến thức giúp sinh viên có thể hiểu được tiếng Anh cơ bản trong lĩnh vực công nghệ thông tin; từ vựng chuyên ngành. Đọc và hiểu những tài liệu cơ bản chuyên ngành CNTT. Trao đổibằng tiếng Anh những vấn đề đơn giản của CNTT với người nước ngoài sử dụng tiếng Anh. \n\nHọc phần trang bị cho người học những"",
    ""ến độ Dự án CNTT\n\n• Kiểm soát chất lượng dự án CNTT\n\n• Kiểm soát truyền thông của Dự án CNTT\n\n• Kiểm soát rủi ro của Dự án CNTT\n\n• Kết thúc và đánh giá dự án CNTT\n\nKhóa học còn nhằm mục đích rèn luyện kỹ năng tư duy, khả năng tự nghiên cứu kiến thức và sử dụng các ứng dụng hỗ trợ quản lý dự án th làm việc độc lập cũng như theo nhóm. Học viên sẽ được chia thành các nhóm để tìm hiểu sâu về các dự án, từ đó có thể thể hiện kỹ năng của mình theo từng giai đoạn để quản lý một dự án CNTT cụ thể.\n\n4. TÀI LIỆU HỌC TẬP (Learning resources: Course Books, Reference Books, and Softwares)\n\n4.1. Giáo trình\n\n[1] Lê Thị Hoài Thu và cộng sự (2024) Giáo trình Quản lý dự án Công nghệ thông tin, Nhà xuất bản Đạ"",
    ""------------------------------ |\n| - Tên học phần (tiếng Anh) | .Net Programming |\n| - Mã số học phần | CNTT1130 |\n| - Thuộc khối kiến thức | Kiến thức chuyên sâu |\n| - Số tín chỉ | 3 tín chỉ (45 giờ tín chỉ; 50 phút/giờ) |\n| + Số tiết lý thuyết | 10 |\n| + Số tiết thảo luận/thực hành + Số tiết tự học | 35 90 |\n| - Các học phần tiên quyết: | CNTT1128; TIHT1101 |\n\n2. THÔNG TIN BỘ MÔN QUẢN LÝ VÀ GIẢNG VIÊN GIẢNG DẠY\n\nBộ môn quản lý: Bộ môn Công nghệ thông tin\n\nĐịa chỉ: Phòng 1310 Nhà A1, Trường ĐH Kinh tế Quốc dân\n\nGiảng viên:\n\n| ThS. Tống Thị Minh Ngọc | 0913002241 | ngoctm@neu.edu.vn |\n| ----------------------- | ---------- | ----------------- |\n| TS. Phạm Minh Hoàn | 0949263666 | hoanpm@neu."",
    ""Kinh tế Quốc dân\n\nGiảng viên:\n\n| ThS. Tống Thị Minh Ngọc | 0913002241 | ngoctm@neu.edu.vn |\n| ----------------------- | ---------- | ----------------- |\n| TS. Phạm Minh Hoàn | 0949263666 | hoanpm@neu.edu.vn |\n\n3. MÔ TẢ HỌC PHẦN (COURSE DESCRIPTIONS)\n\n Học phần giúp sinh viên hiểu và sử dụng thành thạo ngôn ngữ lập trình *.Net. Biết rõ kỹ thuật lập trình với ADO.Net. Sinh viên thực hành bài tập trình trên nền tảng window form và làm việc với cơ sở dữ liệu, ứng dụng bài toán trong quản lý kinh tế, kỹ thuật. Sinh viên biết cách sử dụng các cấu trúc cơ bản của ngôn ngữ lập trình, làm việc với cơ sở dữ liệu và báo cáo. Có khả năng lập trình các bài toán quản lý trong kin"",
    ",multi_hop
q012,"Nghề Data Analyst có yêu cầu kỹ năng giao tiếp không, em ko giỏi giao tiếp lắm ạ","Nghề data analyst yêu cầu kỹ năng giao tiếp, cụ thể là ""kỹ năng giao tiếp và diễn giải dữ liệu"". Kỹ năng này rất quan trọng để bạn có thể truyền đạt thông tin và phân tích dữ liệu một cách hiệu quả.",,,global
q013,Ai dạy môn lập trình java?,"Môn LẬP TRÌNH JAVA (mã môn: CNTT1153) được giảng dạy bởi các giảng viên sau:
1. THS. PHẠM THẢO
2. TS. PHẠM XUÂN LÂM",,,single_hop
q014,Ngành Khoa học máy tính  trường mình sẽ học những môn nào ạ có hữu ích không ac ơi?,"Danh sách các môn học ngành KHOA HỌC MÁY TÍNH (mã ngành: 7480101) đã được làm sạch:
ĐẠI SỐ (mã môn: TOCB1101)
CHỦ NGHĨA XÃ HỘI KHOA HỌC (mã môn: LLNL1107)
NHẬP MÔN CÔNG NGHỆ THÔNG TIN (mã môn: CNTT1116)
TIẾNG ANH CHUYÊN NGÀNH (mã môn: CNTT1192)
VẬT LÝ ĐẠI CƯƠNG (mã môn: CNTT1191)
HỆ QUẢN TRỊ CƠ SỞ DỮ LIỆU (mã môn: CNTT1152)
AN TOÀN VÀ BẢO MẬT THÔNG TIN (mã môn: CNTT1168)",,,single_hop
q015,Có nên học môn trí tuệ nhân tạo ko ạ môn đó học về gì ạ,"Môn TRÍ TUỆ NHÂN TẠO (mã môn: CNTT1140) cung cấp cho bạn những kiến thức về các phương pháp và kỹ thuật trong lĩnh vực trí tuệ nhân tạo. Bạn sẽ được học cách xây dựng các hệ thống có khả năng học hỏi và ra quyết định dựa trên dữ liệu, cũng như các ứng dụng thực tiễn của trí tuệ nhân tạo trong nhiều lĩnh vực khác nhau.
Môn học này cũng giúp phát triển các kỹ năng quan trọng như phân tích và thiết kế hệ thống, lập trình, và quản lý dự án công nghệ thông tin. Những kỹ năng này sẽ hỗ trợ bạn trong việc theo đuổi các nghề nghiệp liên quan đến công nghệ thông tin và trí tuệ nhân tạo.","    ""43a1c449-3e74-46b5-bf33-cab9bc4d463c"",
    ""7e37c093-2700-4acd-90bf-e3adfd945057"",
    ""1bb703c5-c68a-4558-b2ab-2fce31d795ef"",
 ""c8482d60-d8bd-4a78-87a1-e650c4a96b74"",
    ""a624475e-02b4-4362-a86d-dc6948dc61b0"",
    ""8d697aee-55e2-436f-b8e0-aeddd3e35ba5"",
    ""b9d4ba1c-5788-476a-8ac5-127b6f178277"",""64018d14-5f15-46dc-8282-2c36555c7b8c"",
    ""97da46f2-1ca8-4646-b03f-4c2299f0d916"",","""] Nguyễn Thanh Thủy (1996), Nhập môn Trí tuệ nhân tạo, Nhà xuất bản khoa học và kỹ thuật.\n\n4.2. Tài liệu tham khảo\n\n[3] Lưu Minh Tuấn (2024), Slide bài giảng môn học Trí tuệ nhân tạo (Lưu hành nội bộ), Bộ môn CNTT - Viện CNTT&KTS - ĐHKTQD.\n\n[4] Hoàng Kiếm, Nguyễn Đinh Anh Dũng (2007), Giáo trình nhập môn Trí tuệ nhân tạo, Nhà xuất bản Đại học Quốc gia TP Hồ Chí Minh. \n\n[5] Đỗ Trung Tuấn (2000), Giáo trình Trí tuệ nhân tạo, Nhà xuất bản khoa học và kỹ thuật.\n\n[6] Nguyễn Thanh Thủy, Bài giảng môn học Trí tuệ nhân tạo giành cho học viên Cao học (2000) (Lưu hành nội bộ), Trung tâm bồi dưỡng và đào tạo sau đại học - Đại học Bách khoa Hà Nội.\n\n[7] Lương Mạnh Bá, Nguyễn Thanh Thuỷ (1999), Nhập môn"",
    ""iệm cơ bản trong trí tuệ nhân tạo 1.1.3. Lịch sử phát triển của ngành trí tuệ nhân tạo 1.1.4. Vai trò của trí tuệ nhân tạo 1.2. Các lĩnh vực nghiên cứu của trí tuệ nhân tạo 1.3. Xu hướng phát triển của trí tuệ nhân tạo 1.4. Các vấn đề trong trí tuệ nhân tạo 1.4.2. Các vấn đề chưa giải quyết được trong trí tuệ nhân tạo 1.4.3. Những vấn đề đặt ra trong tương lai của trí tuệ nhân tạo | Đề cương chi tiết học phần [1] Chương 1; [2] Chương 1; [3] Chương 1; [4] Chương 1; [5] Chương 1; [6] Chương 1 | Giảng viên: - Thống nhất nội quy, quy định, yêu cầu học tập - Thống nhất phương pháp giảng dạy, học tập - Giới thiệu học phần, đề cương, bài giảng, giáo trình, tài liệu tham khảo và các công cụ phần mềm"",
    ""thức, tri thức và suy diễn, các phương pháp biểu diễn và xử lý tri thức, các khía cạnh xử lý tri thức, các hệ cơ sở tri thức. Học phần cũng giới thiệu các kỹ thuật trí tuệ nhân tạo hiện đại như kỹ thuật học máy, mạng nơron nhân tạo, lôgíc mờ & lập luận xấp xỉ, giải thuật di truyền, phát hiện tri thức và khai phá dữ liệu.\n\nHọc phần rèn luyện kỹ năng tư duy, khả năng nghiên cứu, phát triển, phân tích, tổng hợp, giải quyết và đánh giá các vấn đề về Trí tuệ nhân tạo trong thực tế. Đồng thời học phần cũng phát triển kỹ năng làm việc độc lập, làm việc nhóm và khả năng tự chủ, tự chịu trách nhiệm.\n\nNội dung chính:\n\nTổng quan và các khái niệm chung về trí tuệ nhân tạo\n\nCác phương pháp biểu diễn và"",
    ""n cũng phát triển kỹ năng làm việc độc lập, làm việc nhóm và khả năng tự chủ, tự chịu trách nhiệm.\n\nNội dung chính:\n\nTổng quan và các khái niệm chung về trí tuệ nhân tạo\n\nCác phương pháp biểu diễn và giải quyết vấn đề bằng tìm kiếm\n\nCác phương pháp giải quyết vấn đề bằng tìm kiếm mù\n\nĐồ thị VÀ/HOẶC và tìm kiếm trên đồ thị VÀ/HOẶC để giải quyết vấn đề\n\nCác phương pháp giải quyết vấn đề bằng tìm kiếm kinh nghiệm\n\nCác phương pháp giải quyết vấn đề bằng tìm kiếm tối ưu\n\nCác dạng chuẩn và các phương pháp biến đổi về các dạng chuẩn \n\nLôgíc mệnh đề, lôgíc vị từ cấp một và các kỹ thuật chứng minh tự động \n\nCác phương pháp biểu diễn tri thức \n\nCác phương pháp xử lý tri thức\n\nCác kỹ thuật trí tuệ nhân"",
    ""hức | CLO1.1 | Xác dịnh được các vấn đề cơ bản của trí tuệ nhân tạo, các lĩnh vực nghiên cứu của khoa học trí tuệ nhân tạo và vai trò của trí tuệ nhân tạo trong nhận thức của con người | 4 |\n| CG1 Kiến thức | CLO1.2 | Phân loại được các phương pháp giải quyết vấn đề bằng tìm kiếm để giải quyết các bài toán | 4 |\n| CG1 Kiến thức | CLO1.3 | Phân biệt được các phương pháp biểu diễn tri thức, xử lý tri thức, các phương pháp chứng minh tự động và suy diễn để giải quyết các bài toán | 4 |\n| CG1 Kiến thức | CLO1.4 | Phân biệt được các kỹ thuật trí tuệ nhân tạo hiện đại để giải quyết các bài toán trong thực tế | 4 |\n| CG2 Kỹ năng | CLO2.1 | Kết hợp thành thạo việc tìm kiếm, thu thập, tổng hợp, phân"",
    ""học Trí tuệ nhân tạo giành cho học viên Cao học (2000) (Lưu hành nội bộ), Trung tâm bồi dưỡng và đào tạo sau đại học - Đại học Bách khoa Hà Nội.\n\n[7] Lương Mạnh Bá, Nguyễn Thanh Thuỷ (1999), Nhập môn xử lý ảnh số, Nhà xuất bản khoa học và kỹ thuật.\n\n[8] Nguyễn Hoàng Phương, Bùi Công Cường, Nguyễn Doãn Phước, Phan Xuân Minh, Chu Văn Hỷ (1998), Hệ mờ và ứng dụng, Nhà xuất bản khoa học và kỹ thuật.\n\n[9] Nguyễn Đình Thúc (Chủ biên) (1998), Mạng Nơron (Phương pháp & ứng dụng), Nhà xuất bản giáo dục. \n\n4.3. Phần mềm\n\n[10] Python. https://www.python.org/\n\n[11] Scikit-learn. https://scikit-learn.org/\n\n[12] Tensorflow. https://www.tensorflow.org/\n\n[13] Keras. https://keras.io/\n\n5. MỤC TIÊU HỌC PHẦN ("",
    ""bản, các lĩnh vực nghiên cứu của khoa học trí tuệ nhân tạo và vai trò của trí tuệ nhân tạo trong nhận thức của con người; các phương pháp giải quyết vấn đề bao gồm phân loại vấn đề, các phương pháp biểu diễn và giải quyết vấn đề bằng tìm kiếm, giải thuật tìm kiếm kinh nghiệm. tìm kiếm tối ưu; lôgíc và chứng minh tự động bao gồm giới thiệu các khái niệm, các tính chất cơ bản, các dạng chuẩn của lôgíc mệnh đề và các phương pháp chứng minh tự động; biểu diễn và xử lý tri thức bao gồm phân loại tri thức, tri thức và suy diễn, các phương pháp biểu diễn và xử lý tri thức, các khía cạnh xử lý tri thức, các hệ cơ sở tri thức. Học phần cũng giới thiệu các kỹ thuật trí tuệ nhân tạo hiện đại như kỹ th"",
    ""pháp biến đổi về các dạng chuẩn \n\nLôgíc mệnh đề, lôgíc vị từ cấp một và các kỹ thuật chứng minh tự động \n\nCác phương pháp biểu diễn tri thức \n\nCác phương pháp xử lý tri thức\n\nCác kỹ thuật trí tuệ nhân tạo hiện đại bao gồm: Mạng nơron nhân tạo, lôgíc mờ, giải thuật di truyền, khai phá dữ liệu\n\n4. TÀI LIỆU HỌC TẬP (Learning resources: Course Books, Reference Books, and Softwares)\n\n4.1. Giáo trình\n\n[1] Đinh Mạnh Tường (2002), Trí tuệ nhân tạo, Nhà xuất bản khoa học và kỹ thuật.\n\nTài liệu khác: \n\n[2] Nguyễn Thanh Thủy (1996), Nhập môn Trí tuệ nhân tạo, Nhà xuất bản khoa học và kỹ thuật.\n\n4.2. Tài liệu tham khảo\n\n[3] Lưu Minh Tuấn (2024), Slide bài giảng môn học Trí tuệ nhân tạo (Lưu hành nội bộ)"",
    ""hức | CLO1.4 | Phân biệt được các kỹ thuật trí tuệ nhân tạo hiện đại để giải quyết các bài toán trong thực tế | 4 |\n| CG2 Kỹ năng | CLO2.1 | Kết hợp thành thạo việc tìm kiếm, thu thập, tổng hợp, phân tích, đánh giá các bài toán của khoa học trí tuệ nhân tạo | 4 |\n| CG2 Kỹ năng | CLO2.2 | Kết hợp mô hình hóa và thiết kế mô hình giải các bài toán trong trí tuệ nhân tạo | 4 |\n| CG2 Kỹ năng | CLO2.3 | Kết hợp nghiên cứu và phát triển các ứng dụng trí tuệ nhân tạo | 4 |\n| CG3 Năng lực tự chủ, trách nhiệm | CLO3.1 | Thể hiện khả năng tự học tập, tìm hiểu, nghiên cứu tài liệu để hoàn thành các bài học và bài tập được giao | 5 |\n| CG3 Năng lực tự chủ, trách nhiệm | CLO3.2 | Thể hiện ý thức tổ chức k"",
    ",single_hop
q016,"em thắc mắc ngành Công nghệ thông tin tại NEU sẽ đào tạo gì, anh chị giúp em giải đáp thắc mắc với ạ, em cảm ơn","Ngành Công nghệ thông tin (mã ngành: 7480201) học về lĩnh vực ứng dụng công nghệ thông tin trong quản lý và phát triển hệ thống thông tin. Một số môn học tiêu biểu trong chương trình đào tạo bao gồm:
Nhập môn Công nghệ thông tin (mã môn: CNTT1116)
Khóa luận tốt nghiệp (mã môn: CNTT1194)
Phát triển ứng dụng di động (mã môn: CNTT1157)
Hệ quản trị cơ sở dữ liệu (mã môn: CNTT1152)
Ngành này cũng hướng đến các nghề nghiệp như kỹ sư phần mềm và lập trình viên.","""08cad53d-07bf-4596-921a-02945c2219c9"",
    ""1f5d96db-d00a-4166-b7f8-9228ee194338"",
 ""b68d7daa-0b93-4ef4-8c31-96e2b2d8e48b"",""316bb66b-c0a6-4039-9080-70ab068c6ab7""","""oa Công nghệ thông tin\n\nĐịa chỉ: P1310 - P1311 Nhà A1, Trường ĐH Kinh tế Quốc dân, 207 Giải Phóng, Hai Bà Trưng, Hà Nội\n\nGiảng viên giảng dạy học phần: \n\n| STT | Họ và tên | Email NEU |\n| ---- | --------------------- | ----------------- |\n| | TS. Đặng Minh Quân | quandm@neu.edu.vn |\n| | TS. Nguyễn Trung Tuấn | tuannt@neu.edu.vn |\n\n3. MÔ TẢ HỌC PHẦN (Course Descriptions)\n\n Học phần này cung cấp kiến thức giúp sinh viên có thể hiểu được tiếng Anh cơ bản trong lĩnh vực công nghệ thông tin; từ vựng chuyên ngành. Đọc và hiểu những tài liệu cơ bản chuyên ngành CNTT. Trao đổibằng tiếng Anh những vấn đề đơn giản của CNTT với người nước ngoài sử dụng tiếng Anh. \n\nHọc phần trang bị cho người học những"",
    ""nghệ thông tin\n\nĐịa chỉ: P.1310-1312, Tòa nhà A1, Trường Đại học KTQD, 207 Giải Phóng, Hai Bà Trưng, Hà Nội\n\nGiảng viên giảng dạy học phần: \n\n| STT | Họ và tên | Email |\n| ---- | ----------------------- | ----------------- |\n| 1 | TS. Phạm Minh Hoàn | hoanpm@neu.edu.vn |\n| 2 | ThS. Tống Thị Minh Ngọc | ngoctm@neu.edu.vn |\n\n3. MÔ TẢ HỌC PHẦN (Course Descriptions)\n\n Học phần trang bị cho người học kiến thức cơ bản về công nghệ đa phương tiện cũng như các hướng nghiên cứu và ứng dụng của lĩnh vực này. Người học nắm được kỹ thuật biến đổi âm thanh, tiếng nói, trích chọn đặc trưng của âm thanh và đảm bảo chất lượng truyền âm thanh. Người học cũng nắm được các kỹ thuật nén ảnh và dữ liệu video, đả"",
   ""2727528 | thulh@neu.edu.vn |\n| TS. Tống Thị Hảo Tâm | 0913520505 | tamtth@neu.edu.vn |\n| TS. Nguyễn Ngọc Tuấn | | tuannn@neu.edu.vn |\n| | | |\n\n3. MÔ TẢ HỌC PHẦN (Course Descriptions)\n\nLà học phần tổng hợp, giúp sinh viên vận dụng các kiến thức đã học trong các học phần trước để có thể bước đầu nghiên cứu một vấn đề dưới sự hướng dẫn của giảng viên hướng dẫn. Sinh viên sẽ lập một báo cáo để tổng hợp những nội dung đã nghiên cứu.\n\nNội dung chính:\n\n - Quản trị hệ thống CNTT\n\n - Mạng máy tính và An ninh mạng.\n\n - Phát triển ứng dụng di động.\n\n - Dữ liệu lớn\n\n - Điện thoán đám mây\n\n - Thiết kế và Phát triển Phần mềm.\n\n - Mạng kết nối vạn vật\n\n - Hệ thống và Mạng thông tin.\n\n - Trí tuệ nhân tạo (A"",
    ""môn quản lý: Bộ môn Công nghệ thông tin\n\nĐịa chỉ: Phòng 1310 Nhà A1, Trường ĐH Kinh tế Quốc dân\n\nGiảng viên:\n\n| TS. Lưu Minh Tuấn | 0904143460 | tuanlm@neu.edu.vn |\n| ----------------- | ---------- | ----------------- |\n| ThS. Phạm Thảo | 0966986689 | thaop@neu.edu.vn |\n\n3. MÔ TẢ HỌC PHẦN (COURSE DESCRIPTIONS)\n\nHọc phần trang bị cho người học các kiến thức cơ bản và chuyên sâu về phân tích đánh giá lỗ hổng bảo mật và kiểm thử xâm nhập, đó là tổng quan về an toàn thông tin như: Đánh giá an toàn hệ thống thông tin, kiểm thử xâm nhập và giới thiệu một số công cụ hỗ trợ; các vấn đề về đánh giá lỗ hổng bảo mật như rà soát hệ thống, phân tích và xác định mục tiêu, xác định điểm yếu mục tiêu; triể""
  ",multi_hop
q017,Nghề Tester yêu cầu những kỹ năng gì và phù hợp với sinh viên ngành nào?,"Nghề Tester yêu cầu một số kỹ năng quan trọng như:
Tỉ mỉ, chú ý đến chi tiết.
Kỹ năng làm việc nhóm.
Kỹ năng giao tiếp.
Hiểu biết về đặc thù ngành nghề kinh doanh của doanh nghiệp.
Nắm vững vòng đời phát triển hệ thống.
Có tư duy phân tích.
Thành thạo các công cụ kiểm thử.","    ""82ac5af4-6b5d-483c-b40f-3f8a2a51b119"",
    ""14d05b74-4532-4b55-9be2-1e7fa9062e9f"",
    ""3d6acee5-d3f4-46dd-84a7-83c49aea32b4"",
    ""98e02112-23d9-4e88-be79-dbdc4142e05c""","""êu chuẩn chất lượng đã đề ra.\n\nKỹ năng tổ chức và quản lý thời gian: Với khối lượng công việc lớn trong thời gian ngắn, người kiểm thử cần có khả năng tổ chức và quản lý thời gian hiệu quả. Việc phân chia công việc hợp lý, ưu tiên các nhiệm vụ quan trọng và kiểm soát thời gian sẽ giúp Tester đạt hiệu quả công việc cao, đảm bảo tiến độ và chất lượng công việc.\n\n6. Yêu cầu học vấn & chứng chỉ\n\nTrình độ: Cao đẳng/Đại học\n\nNgành học phù hợp: Công nghệ thông tin, Kỹ thuật Phần mềm, Khoa học máy tính, v.vv.. \n\nChứng chỉ liên quan (nếu có)\n\nKinh nghiệm (nếu có)\n\n7. Cơ hội việc làm & thị trường\n\nNhu cầu thị trường\n\nTrong bối cảnh toàn cầu hóa và cách mạng công nghiệp 4.0, Công nghệ thông tin (IT) tạ"",
    ""ao gồm việc theo dõi và báo cáo tiến độ sửa chữa các lỗi đó. Bên cạnh các nhiệm vụ chính, Tester còn cần tham gia vào các hoạt động như giao tiếp giữa các đội nhóm trong dự án và linh hoạt xử lý các thay đổi trong quy trình phát triển phần mềm.\n\n4. Kỹ năng yêu cầu (Skills)\n\nKỹ năng chuyên môn (hard skills)\n\nCó khả năng thiết kế các trường hợp kiểm thử (test case design): Đây là kỹ năng quan trọng giúp Tester xác định phạm vi và chiến lược kiểm thử một cách rõ ràng. Khi thiết kế test case, Tester cần xây dựng tài liệu mô tả chi tiết các bước kiểm thử, điều kiện đầu vào, kết quả kiểm thử mong đợi, v.vv..\n\nHiểu về DevOps và Agile: Tester cần nắm vững các phương pháp làm việc như Agile và DevOps"",
   ""NGHỀ NGHIỆP (CAREER)\n\n1. Thông tin định danh nghề\n\nTên nghề (vi / en): Tester\n\nMã nghề nội bộ\n\nNhóm nghề / lĩnh vực: Công nghệ thông tin\n\nNỘI DUNG \n\n2. Mô tả nghề nghiệp\n\nMô tả ngắn: Tester là những người kiểm tra chất lượng phần mềm, phát hiện ra các lỗi, sai sót hay bất cứ vấn đề nào có thể ảnh hưởng đến chất lượng phần mềm. Tùy từng công ty mà tester sẽ có nhiều mảng như QA QC, đặc biệt là Manual Tester và Automation Tester. Manual Tester là người kiểm thử phần mềm một cách thủ công. Vị trí Manual Tester không yêu cầu cao về kiến thức lập trình nhưng lại đòi hỏi bạn phải rành test manual, có đam mê và tư duy tốt.\n\nVai trò trong tổ chức/doanh nghiệp: \n\nTiết kiệm chi phí cho doanh nghiệp: N"",
    ""úp Tester cải thiện hiệu quả công việc, hạn chế sự phụ thuộc vào đội ngũ phát triển mà còn có thể giải quyết các vấn đề phức tạp trong quy trình kiểm thử.\n\nKỹ năng mềm (soft skills)\n\nTheo kịp xu thế công nghệ: Công nghệ liên tục phát triển, điều này yêu cầu ứng viên phải cập nhật thông tin về những xu hướng mới nhất, những thay đổi có thể ảnh hưởng đến hệ thống phần mềm trong doanh nghiệp. Để làm được điều này, bạn nên tham gia vào các hội nghị, seminar, theo dõi các chuyên gia IT hàng đầu và cập nhật thông tin từ các công ty công nghệ hàng đầu.\n\nTheo kịp xu thế công nghệ: Với sự phát triển nhanh chóng của công nghệ, để hoàn thành tốt công việc của mình, các Tester không chỉ cần liên tục cập""
",global
q018,"Dạ em hiện tại đang là sinh viên năm 3 ngành HTTT, em có định hướng DA thì hiện tại em nên trang bị cho mình những kĩ năng gì ạ, em cảm ơn ạ.","Để định hướng vào lĩnh vực Data Analyst (DA), bạn nên trang bị cho mình những kỹ năng sau:
1. Kỹ năng giao tiếp - Đây là kỹ năng quan trọng để bạn có thể truyền đạt thông tin và kết quả phân tích đến các bên liên quan.
2. Phân tích dữ liệu - Kỹ năng này giúp bạn hiểu và xử lý dữ liệu một cách hiệu quả.
3. Kỹ năng thiết kế và trình bày báo cáo - Bạn cần biết cách tạo ra các báo cáo trực quan và dễ hiểu từ dữ liệu.
4. Kỹ năng phân tích logic - Giúp bạn tư duy và giải quyết vấn đề một cách hiệu quả.
5. Cần biết sử dụng SQL - Kỹ năng này rất cần thiết để truy vấn và quản lý cơ sở dữ liệu.
6. Cần biết sử dụng các công cụ liên quan đến thiết kế, xây dựng kho dữ liệu - Điều này giúp bạn trong việc lưu trữ và xử lý dữ liệu.
7. Có kiến thức, sử dụng được những công cụ chuyên dụng như Hadoop, Kafka - Đây là những công cụ phổ biến trong phân tích dữ liệu lớn.
8. Có kinh nghiệm liên quan đến kho dữ liệu, các công cụ phân tích - Kinh nghiệm thực tế sẽ giúp bạn tự tin hơn trong công việc.
9. Có kinh nghiệm liên quan đến các giải pháp BI và ETL - Điều này rất hữu ích trong việc chuyển đổi và phân tích dữ liệu.",,,global
q019,Ngành học nào giúp sinh viên phát triển kĩ năng lập trình?,"Ngành Công nghệ thông tin và Khoa học máy tính là hai ngành giúp sinh viên phát triển kỹ năng lập trình tốt nhất.
Các ngành này tập trung vào học lập trình, thuật toán, cấu trúc dữ liệu và phát triển phần mềm thông qua nhiều môn học thực hành như C/C++, Java, Python và lập trình web. Ngoài ra, các ngành như Kỹ thuật phần mềm và Hệ thống thông tin cũng giúp sinh viên rèn luyện kỹ năng lập trình thông qua các dự án và bài tập thực tế.","""c5fd1e8c-7482-4b96-a131-2dc3aac37be0"",
    ""56932ed9-34b4-4ad5-8cda-e25a3c6e516c"",
   ""a2bf94b0-c3f1-49d2-a0a8-39bb5665e4ba""""f0356d8e-1341-4c70-a0d7-132c6125f297""","""Asp, ASP.Net, Visual Basic.Net và C# để xây dựng, làm ra các website.\n\nKỹ năng mềm (soft skills)\n\nKỹ năng giao tiếp\n\nKhông chỉ riêng lập trình viên mà bất cứ ngành nghề nào bạn cũng cần phải có kỹ năng giao tiếp. Có không ít người nhầm tưởng lập trình viên là một nghề độc lập, thực tế không phải vậy, ngành công nghệ phần mềm là tập hợp của rất nhiều đội ngũ. Dù là làm ở công ty nào đi chăng nữa, bạn sẽ luôn luôn là thành viên của một nhóm phát triển và một lập trình viên bắt buộc phải biết giao tiếp và phối hợp tốt với các thành viên còn lại.\n\nBạn có nhiều ý tưởng mới mẻ nhưng bạn lại không biết cách diễn giải cho mọi người hiểu thì công sức của bạn sẽ không được công nhận đúng với giá trị"",
    ""hay Java để minh họa)\n\n Học phần cũng nhằm rèn luyện kỹ năng tư duy, khả năng tự tìm hiểu các kiến thức về phương pháp lập trình hướng đối tượng bằng cách làm việc độc lập cũng như theo nhóm. Người học có kỹ năng xây dựng một ứng dụng thực tế bằng phương pháp lập trình hướng đối tượng.\n\nNội dung chính:\n\n - Các khái niệm cơ bản về lập trình hướng đối tượng\n\n - Lớp và đối tượng\n\n - Tính kế thừa\n\n - Tính đa hình\n\n - Dòng dữ liệu vào ra\n\n - Xử lý ngoại lệ\n\n \n\n4. TÀI LIỆU HỌC TẬP (Learning resources: Course Books, Reference Books, and Softwares)\n\n4.1. Giáo trình\n\n[1] Nguyễn Thanh Thủy (2017) Lập trình hướng đối tượng với C++, Nhà xuất bản Khoa Học và Kỹ Thuật.\n\n[2] Phạm Văn Ất và Lê Trường Thông"",
    ""n thức cơ bản về lập trình trên Windows, giúp cho sinh viên nắm bắt được phương pháp lập trình và sử dụng các công cụ của ngôn ngữ lập trình hướng đối tượng đặc biệt là tiếp cận tìm hiểu các bài toán có tính ứng dụng. Sinh viên tìm hiểu cụ thể ngôn ngữ lập trình C#, giới thiệu các điều khiển, ngoài ra còn kết hợp với một hệ quản trị cơ sở dữ liệu để tạo ra các ứng dụng bài toán quản lý cụ thể. \n\nHọc phần cũng nhằm rèn luyện kỹ năng tư duy, khả năng tự tìm hiểu các kiến thức về phương pháp lập trình trên Windows Forms bằng cách làm việc độc lập và làm việc nhóm xây dựng thành các dự án nhỏ. Người học có kỹ năng xây dựng các ứng dụng thực tế áp dụng với cơ sở dữ liệu phù hợp.\n\n \n\nNội dung chín"",
   ""bị cho sinh viên khái niệm cơ bản về lập trình phần mềm hướng dịch vụ như kiến trúc hướng dịch vụ, phương pháp thiết kế, xây dựng phần mềm hướng dịch vụ; các công nghệ và kỹ thuật phát triển phần mềm hướng dịch vụ. Sinh viên được trang bị kiến thức chuyên sâu về lập trình hướng dịch vụ như công nghệ, quy trình các cách thức phát triển phần mềm hướng dich vụ Web như SOAP và RESTful, kiến thức về vòng đời hệ thống, chiến lược phát triển hệ thống và tiếp cận mô hình hóa hướng dịch vụ.\n\n Học phần cũng nhằm rèn luyện kỹ năng tư duy, khả năng tự tìm hiểu các kiến thức về kiến trúc phần mềm hướng dịch vụ bằng cách làm việc độc lập cũng như theo nhóm. Người học có khả năng xây dựng một ứng dụng thự""
  ",multi_hop
q020,Học công nghệ thông tin ở neu có ưu điểm gì không ạ,"Học Công nghệ thông tin tại Đại học Kinh tế Quốc dân (mã ngành: 7480201) có nhiều ưu điểm nổi bật. Chương trình đào tạo cung cấp cho sinh viên những kiến thức vững chắc về các lĩnh vực như phát triển ứng dụng di động (mã môn: CNTT1157), hệ quản trị cơ sở dữ liệu (mã môn: CNTT1152), và lập trình hướng đối tượng (mã môn: CNTT1131).
Ngoài ra, sinh viên còn được trang bị những kỹ năng cần thiết cho nghề nghiệp như kỹ năng giao tiếp và khả năng phân tích, thiết kế hệ thống. Các cơ hội nghề nghiệp sau khi tốt nghiệp rất đa dạng, bao gồm vị trí kỹ sư phần mềm và lập trình viên.
Chương trình học cũng chú trọng đến các công nghệ hiện đại trong lĩnh vực CNTT, giúp sinh viên nắm bắt xu hướng và phát triển kỹ năng phù hợp với yêu cầu của thị trường lao động.",,,global
q021,Nên chọn ngành an toàn thông tin hay kỹ thuật phần mềm nếu em không quá giỏi lập trình nhưng vẫn thích các ngành khối IT ạ,"Nếu bạn giỏi giao tiếp hơn, ngành an toàn thông tin (mã ngành: 7480202) có thể là lựa chọn tốt hơn so với kỹ thuật phần mềm (mã ngành: 7480103).
Ngành an toàn thông tin cung cấp nhiều môn học liên quan đến giao tiếp và quản lý như ""quản lý dự án công nghệ thông tin"" và ""pháp luật trong thương mại điện tử"". Những môn học này không chỉ giúp bạn phát triển kỹ năng chuyên môn mà còn nâng cao khả năng giao tiếp và quản lý dự án.
Trong khi đó, kỹ thuật phần mềm thường tập trung nhiều hơn vào các khía cạnh kỹ thuật và lập trình, có thể không phù hợp với sở trường giao tiếp của bạn.
Vì vậy, với khả năng giao tiếp tốt, ngành an toàn thông tin có thể mang lại nhiều cơ hội nghề nghiệp hơn cho bạn.","    ""b94fd8cf-9dd6-4879-886d-e5c3f41ba6f0"",
    ""e229b3bb-de57-4b7e-b30f-26d5d881bcca"",
   ""8d798301-6515-4f47-8fa6-47ecf412275a"",""c5fd1e8c-7482-4b96-a131-2dc3aac37be0""","""thuyết trình chuyên môn liên quan tới kế hoạch, chiến lược và thực thi các hoạt động được giao; có kỹ năng giao tiếp trên môi trường mạng. Sinh viên có khả năng lập trình, xây dựng cơ sở dữ liệu và vận dụng được những nguyên tắc cơ bản của quy trình phát triển phần mềm; có khả năng làm chủ các công nghệ, kỹ thuật để phát triển, vận hành và quản trị các hệ thống thông tin phục vụ các hoạt động tác nghiệp, quản lý và điều hành trong các tổ chức, doanh nghiệp; có khả năng khai thác các phần mềm chuyên dụng để phân tích dữ liệu, tổng hợp thông tin hỗ trợ quá trình ra quyết định; có khả năng quản trị các dự án về hệ thống thông tin. | PLO2.1,2.4 |\n| CG3 | Có thể làm việc độc lập hoặc tham gia ch"",
    ""lập trình không nhất thiết phải giỏi nhưng có kiến thức IT cơ bản sẽ giúp bạn làm việc tốt hơn với team kỹ thuật.\n\nKỹ năng mềm (soft skills)\n\nTư duy phân tích: Học cách nhìn nhận vấn đề từ nhiều góc độ.\n\nGiải quyết vấn đề: Phát triển khả năng đưa ra giải pháp tối ưu cho các thách thức kinh doanh.\n\nLàm việc nhóm: Hiểu cách phối hợp và làm việc hiệu quả trong các nhóm đa dạng.\n\nsự kiên nhẫn, tinh thần cầu tiến và khả năng học hỏi nhanh\n\n6. Yêu cầu học vấn & chứng chỉ\n\nTrình độ\n\nNgành học phù hợp: Các ngành đòi hỏi sự phân tích và ra quyết định như ngân hàng, công nghệ thông tin, thương mại điện tử.\n\nChứng chỉ liên quan (nếu có)\n\nCertified Business Analysis Professional (CBAP): Chứng chỉ quốc t"",
  ""trong khối kiến thức ngành của ngành Công nghệ thông tin. Học phần bao gồm các nội dung tổng quan về phân tích thiết kế hệ thống và phân tích thiết kế hướng đối tượng: Hệ thống, hệ thống thông tin, vòng đời phát triển hệ thống, đội ngũ phát triển hệ thống, phương pháp phát triển hệ thống, quy trình phát triển phần mềm, ngôn ngữ mô hình hóa thống nhất UML; Khảo sát hệ thống và xác lập dự án phát triển hệ thống; Mô hình hóa yêu cầu nghiệp vụ, yêu cầu chức năng, mô hình hóa cấu trúc và hành vi của hệ thống; Thiết kế kiến trúc, thiết kế giao diện người dùng và thiết kế lớp và dữ liệu. \n\nHọc phần cũng giúp sinh viên rèn luyện kỹ năng tư duy, khả năng tự tìm hiểu các kiến thức liên quan đến phân t"",""Asp, ASP.Net, Visual Basic.Net và C# để xây dựng, làm ra các website.\n\nKỹ năng mềm (soft skills)\n\nKỹ năng giao tiếp\n\nKhông chỉ riêng lập trình viên mà bất cứ ngành nghề nào bạn cũng cần phải có kỹ năng giao tiếp. Có không ít người nhầm tưởng lập trình viên là một nghề độc lập, thực tế không phải vậy, ngành công nghệ phần mềm là tập hợp của rất nhiều đội ngũ. Dù là làm ở công ty nào đi chăng nữa, bạn sẽ luôn luôn là thành viên của một nhóm phát triển và một lập trình viên bắt buộc phải biết giao tiếp và phối hợp tốt với các thành viên còn lại.\n\nBạn có nhiều ý tưởng mới mẻ nhưng bạn lại không biết cách diễn giải cho mọi người hiểu thì công sức của bạn sẽ không được công nhận đúng với giá trị""
  ",global
q022,Môn chủ nghĩa xã hội khoa học là học về gì?,"Môn Chủ nghĩa xã hội khoa học (mã môn: LLNL1107) học về các quan điểm cơ bản của chủ nghĩa Mác - Lênin, bao gồm kiến thức về chủ nghĩa xã hội, nhận thức đầy đủ và đúng bản chất của nền dân chủ xã hội chủ nghĩa, cũng như khả năng tự học tập và làm việc độc lập. Môn học này cũng cung cấp những phương pháp luận và phương pháp chuyên ngành cần thiết trong lĩnh vực này.",,,single_hop
q023,Kỹ năng giải quyết vấn đề dùng trong nghề nào?,"Kỹ năng giải quyết vấn đề được yêu cầu trong một số nghề nghiệp như:

1. KẾ TOÁN QUẢN TRỊ
2. DATA ANALYST
3. TESTER
4. KỸ SƯ PHẦN MỀM
5. NHÂN VIÊN KINH DOANH TIẾNG TRUNG
6. LẬP TRÌNH GAME
7. NHÂN VIÊN TRIỂN KHAI PHẦN MỀM
8. CUSTOMER SUCCESS","    ""042a8253-51e9-4e74-9c16-f9ccd1b7a9a6"",
    ""4eef2e7b-437f-4266-a191-d7403c45bb7c"",""193bc385-77fe-4138-80e3-871fa121c050"",
   ""80454793-e7da-4ecf-9bad-3d017a39e9e0""","""cầu (Skills)\n\nKỹ năng chuyên môn (hard skills)\n\nKiến thức kỹ thuật sâu: Am hiểu về hóa học môi trường, vi sinh vật học, thủy lực và các quy chuẩn kỹ thuật quốc gia về môi trường.\n\nThành thạo phần mềm chuyên ngành: Sử dụng tốt các công cụ thiết kế như AutoCAD và các phần mềm mô phỏng, phân tích dữ liệu môi trường.\n\nKỹ năng phòng thí nghiệm: Khả năng sử dụng các thiết bị đo đạc, phân tích mẫu và đọc hiểu các chỉ số hóa lý.\n\nKỹ năng mềm (soft skills)\n\nKỹ năng giải quyết vấn đề: Đưa ra các giải pháp kỹ thuật tối ưu để xử lý triệt để các nguồn gây ô nhiễm.\n\nTư duy phân tích: Khả năng đánh giá số liệu để dự báo các nguy cơ ô nhiễm tiềm ẩn.\n\nKỹ năng làm việc nhóm: Phối hợp với các kỹ sư xây dựng, c"",
    ""d skills)\n\nKiến thức chuyên ngành: Am hiểu về lĩnh vực đang điều phối (ví dụ: quy trình vận chuyển trong Logistics, quy trình tổ chức trong Sự kiện).\n\nTin học văn phòng: Sử dụng thành thạo Word, Excel và các phần mềm quản lý chuyên dụng phục vụ việc theo dõi, điều phối.\n\nNgoại ngữ: Có khả năng giao tiếp và xử lý văn bản bằng tiếng nước ngoài (nếu làm việc trong môi trường quốc tế).\n\nKỹ năng mềm (soft skills)\n\nKỹ năng lập kế hoạch và tổ chức: Biết cách sắp xếp công việc khoa học, quản lý thời gian và ưu tiên các nhiệm vụ quan trọng.\n\nKỹ năng giao tiếp và đàm phán: Khéo léo trong việc truyền đạt thông tin và thuyết phục các bên phối hợp thực hiện công việc.\n\nKỹ năng giải quyết vấn đề: Bình tĩn"",
   ""Làm việc với các phòng ban khác để xử lý các vấn đề phát sinh\n\n4. Kỹ năng yêu cầu (Skills)\n\nKỹ năng chuyên môn (hard skills):\n\nCó kiến thức cơ bản về Marketing và Sales là một lợi thế.\n\nThành thạo tin học văn phòng cơ bản (Word, Excel, PowerPoint).\n\nKỹ năng mềm (soft skills)\n\nKỹ năng giao tiếp: Đây là kỹ năng tiên quyết bởi nhân viên Customer Success thường xuyên phải liên hệ, trao đổi với khách hàng để nắm bắt nhu cầu, hỗ trợ khách hàng sử dụng sản phẩm/dịch vụ. Do đó kỹ năng giao tiếp tích cực, lắng nghe một cách hiệu quả là rất quan trọng.\n\nKỹ năng giải quyết vấn đề: Một nhân viên Customer Success cần có khả năng phân tích vấn đề, tìm ra nguyên nhân gốc rễ và đưa ra giải pháp hiệu quả ch"",
    ""ớng dẫn sử dụng và tổ chức các buổi đào tạo cho người dùng.\n\nGiải đáp thắc mắc, xử lý các lỗi kỹ thuật phát sinh trong quá trình vận hành.\n\nTổng kết, đánh giá hiệu quả sử dụng và đề xuất cải tiến sản phẩm.\n\n4. Kỹ năng yêu cầu (Skills)\n\nKỹ năng chuyên môn (hard skills): Kiến thức nền tảng về CNTT (hệ điều hành Windows/Linux, mạng máy tính).\n\nHiểu biết về cơ sở dữ liệu (SQL Server, Oracle...).\n\nKhả năng đọc hiểu tài liệu kỹ thuật và quy trình nghiệp vụ.\n\nKỹ năng cài đặt và cấu hình phần mềm/hệ thống.\n\nKỹ năng mềm (soft skills): Kỹ năng giao tiếp và thuyết trình (để đào tạo khách hàng).\n\nKỹ năng giải quyết vấn đề và xử lý sự cố.\n\nKỹ năng quản lý thời gian và sắp xếp công việc theo thứ tự ưu tiê""
  ",single_hop
q024,Môn CHỦ NGHĨA XÃ HỘI KHOA HỌC cung cấp những kiến thức nào về chủ nghĩa xã hội và dân chủ xã hội chủ nghĩa,"Môn CHỦ NGHĨA XÃ HỘI KHOA HỌC (mã môn: LLNL1107) cung cấp những kiến thức cơ bản về chủ nghĩa xã hội, bao gồm:

1. Nắm được kiến thức cơ bản về chủ nghĩa xã hội.
2. Nhận thức đầy đủ và đúng bản chất của nền dân chủ xã hội chủ nghĩa.
3. Nắm được những quan điểm cơ bản của chủ nghĩa Mác - Lênin về gia cấp công nhân.
4. Có khả năng tự học tập và làm việc độc lập cũng như theo nhóm.
5. Vận dụng phương pháp luận và các phương pháp chuyên ngành.

Những kiến thức này sẽ giúp sinh viên hiểu rõ hơn về lý thuyết và thực tiễn của chủ nghĩa xã hội và dân chủ xã hội chủ nghĩa.",,,single_hop
q025,Những môn học tiêu biểu của ngành CNTT,"Ngành Công nghệ thông tin (7480201) tại Đại học Kinh tế Quốc dân cung cấp nhiều môn học đa dạng. Một số môn học tiêu biểu trong ngành này bao gồm:
- Nhập môn công nghệ thông tin 
- Cấu trúc dữ liệu và giải thuật 
- Lập trình hướng đối tượng 
- Thiết kế web 
- Phát triển ứng dụng di động 
- Trí tuệ nhân tạo 
- Điện toán đám mây 
- Mạng máy tính và truyền số liệu 
- Quản lý dự án công nghệ thông tin","    ""47e2ed67-09c0-4e57-bd54-57e577058953"",
    ""4e3828f8-2b4d-40c8-8203-7ff7008c925b"",
    ""4b12b3c4-3c5e-45ea-87ae-a2b5d6dc0249"",""5431122a-4df8-4c9f-915b-c5cdcb76e0dc""","""ng Thị Minh Ngọc | ngoctm@neu.edu.vn |\n| 10 | ThS Phạm Thảo | thaop@neu.edu.vn |\n\n3. MÔ TẢ HỌC PHẦN (COURSE DESCRIPTIONS)\n\nHọc phần Nhập môn Công nghệ thông tin (CNTT) cung cấp kiến thức tổng quan về CNTT: thông tin và xử lí thông tin, CNTT, hệ thống thông tin, máy tính điện tử, phần cứng, phần mềm và giải quyết bài toán bằng máy tính ; Hệ đếm, nguyên tắc diễn dữ liệu, cách biểu diễn số nguyên, số thực, kí tự, âm thanh, hình ảnh và tổ chức của các thành phần cơ bản bên trong máy tính như CPU, hệ thống vào ra, liên kết hệ thống, bộ nhớ; kiến thức cơ bản và vận dụng vào thực tế các phần mềm thông dụng như hệ điều hành, ứng dụng văn phòng Word, Excel, PowerPoint; kĩ thuật lập trình cơ bản với n"",
    ""c phần:\n\n| STT | Họ và tên | Email |\n| ---- | ---------------------- | ----------------------- |\n| 1 | ThS Cao Thị Thu Hương | huongct@neu.edu.vn |\n| 2 | ThS Nguyễn Quỳnh Mai | mainq@neu.edu.vn |\n| 3 | ThS Trần Thị Mỹ Diệp | diepttm@neu.edu.vn |\n| 4 | TS Phạm Xuân Lâm | lampx@neu.edu.vn |\n| 5 | TS Tống Thị Hảo Tâm | tamtth@neu.edu.vn |\n| 6 | TS Lê Thị Hoài Thu | thulh@neu.edu.vn |\n| 7 | TS Nguyễn Thanh Hương | huongnt_cntt@neu.edu.vn |\n| 8 | TS Nguyễn Ngọc Tuấn | tuannn@neu.edu.vn |\n| 9 | ThS Tống Thị Minh Ngọc | ngoctm@neu.edu.vn |\n| 10 | ThS Phạm Thảo | thaop@neu.edu.vn |\n\n3. MÔ TẢ HỌC PHẦN (COURSE DESCRIPTIONS)\n\nHọc phần Nhập môn Công nghệ thông tin (CNTT) cung cấp kiến thức tổng quan về"",
    ""chuyên ngành. ""chuyên ngành. Đọc và hiểu những tài liệu cơ bản chuyên ngành CNTT. Trao đổibằng tiếng Anh những vấn đề đơn giản của CNTT với người nước ngoài sử dụng tiếng Anh. \n\nHọc phần trang bị cho người học những kiến thức, kỹ năng và năng lực cần thiết để tìm kiếm, truy xuất và khai thác các nguồn học liệu bằng tiếng Anh liên quan đến những môn học chuyên ngành trong chương trình đào tạo, và tiếp tục học cao hơn.\n\nNội dung chính:\n\nComputer Types\n\nComputer components\n\nStorage and Memory \n\nInput and Output Devices \n\nPeripherals\n\nSoftware\n\nOperating Systems\n\nSoftware Applications\n\nProgramming Languages\n\nNetworking\n\nThe Internet\n\nIT Careers\n\nPeople in IT\n\n4. TÀI LIỆU HỌC TẬP (Learning resources: Course Boo"",
    ""------------------------------ |\n| - Tên học phần (tiếng Anh) | .Net Programming |\n| - Mã số học phần | CNTT1130 |\n| - Thuộc khối kiến thức | Kiến thức chuyên sâu |\n| - Số tín chỉ | 3 tín chỉ (45 giờ tín chỉ; 50 phút/giờ) |\n| + Số tiết lý thuyết | 10 |\n| + Số tiết thảo luận/thực hành + Số tiết tự học | 35 90 |\n| - Các học phần tiên quyết: | CNTT1128; TIHT1101 |\n\n2. THÔNG TIN BỘ MÔN QUẢN LÝ VÀ GIẢNG VIÊN GIẢNG DẠY\n\nBộ môn quản lý: Bộ môn Công nghệ thông tin\n\nĐịa chỉ: Phòng 1310 Nhà A1, Trường ĐH Kinh tế Quốc dân\n\nGiảng viên:\n\n| ThS. Tống Thị Minh Ngọc | 0913002241 | ngoctm@neu.edu.vn |\n| ----------------------- | ---------- | ----------------- |\n| TS. Phạm Minh Hoàn | 0949263666 | hoanpm@neu.""
  ",single_hop
q026,Em đang phân vân giữa ngành Kế toán và ngành Kiểm toán thì không biết 2 ngành khác nhau thế nào ạ,"Ngành Kế toán và ngành Kiểm toán có những điểm khác biệt rõ rệt về cơ hội nghề nghiệp và môn học đặc trưng.
Ngành Kế toán thường liên quan đến việc ghi chép, phân tích và báo cáo các giao dịch tài chính của doanh nghiệp. 
Ngành Kiểm toán tập trung vào việc kiểm tra và xác nhận tính chính xác của các báo cáo tài chính, đảm bảo rằng các thông tin tài chính được trình bày một cách trung thực và hợp lý. 
Về cơ hội nghề nghiệp, sinh viên ngành Kế toán có thể làm việc trong các bộ phận kế toán của doanh nghiệp, trong khi sinh viên ngành Kiểm toán có thể làm việc tại các công ty kiểm toán hoặc các tổ chức tài chính.","    ""e9a5c2e1-4c7d-4be1-98d5-81b98ffa9fe4"",
    ""f8d2fcb5-2055-4fc4-a063-062cb618291f"",
    ""7486980f-b026-4ae2-862f-fd6fbd0c2e44"",
""c2ff7c77-cf7b-4d0d-a130-cf0d232bff2b"",
    ""2043ba20-52cc-47ba-88bc-e6c84281207f"",","""NN, kế toán tại đơn vị thu NSNN, kế toán NS và tài chính xã, kế toán bảo hiểm xã hội. Chú trọng việc xem xét khả năng ứng dụng các lý thuyết kế toán vào thực tiễn từng ngành nghề, lĩnh vực kinh doanh, hoạt động, hỗ trợ các nhà quản lý cũng như người làm kế toán và sử dụng thông tin kế toán trong việc lựa chọn và vận hành các chính sách kế toán tại các đơn vị liên quan.\n\nNội dung chính: \n\n- Kế toán ngân sách nhà nước và nghiệp vụ kho bạc nhà nước, trong đó bao gồm giới thiệu khái quát chung về kế toán ngân sách nhà nước và nghiệp vụ kho bạc nhà nước, bao gồm đặc điểm hoạt động, chức năng nhiệm vụ\n\n- Kế toán thu, chi ngân sách nhà nước\n\n- Kế toán vốn bằng tiền và kế toán vay nợ, nhận viện trợ"",
    ""chi NSNN, kế toán tại đơn vị thu NSNN, kế toán NS và tài chính xã, kế toán bảo hiểm xã hội. Chú trọng việc xem xét khả năng ứng dụng các lý thuyết kế toán vào thực tiễn từng ngành nghề, lĩnh vực kinh doanh, hoạt động, hỗ trợ các nhà quản lý cũng như người làm kế toán và sử dụng thông tin kế toán trong việc lựa chọn và vận hành các chính sách kế toán tại các đơn vị liên quan.\n\nNội dung chính: \n\n- Kế toán ngân sách nhà nước và nghiệp vụ kho bạc nhà nước, trong đó bao gồm giới thiệu khái quát chung về kế toán ngân sách nhà nước và nghiệp vụ kho bạc nhà nước, bao gồm đặc điểm hoạt động, chức năng nhiệm vụ\n\n- Kế toán thu, chi ngân sách nhà nước\n\n- Kế toán vốn bằng tiền và kế toán vay nợ, nhận việ"",
    ""phân tích, đánh giá kế toán tại các đơn vị thu ngân sách nhà nước | 3 |\n| CG2 Kiến thức | CLO2.4 | Vận dụng kiến thức về kế toán liên quan đến chế độ kế toán vào phân tích, đánh giá kế toán tại các đơn vị kế toán ngân sách và tài chính xã | 3 |\n| CG2 Kiến thức | CLO2.5 | Vận dụng kiến thức về kế toán liên quan đến chế độ kế toán vào phân tích, đánh giá kế toán tại các đơn vị kế toán bảo hiểm xã hội | 3 |\n| CG3 Kỹ năng | CLO3.1 | Có kỹ năng phản biện, phê phán đối với việc áp dụng các chính sách và phương pháp kế toán trong các đơn vị KBNN và cơ quan tài chính | 4 |\n| CG3 Kỹ năng | CLO3.2 | Sử dụng kỹ năng phản biện đối với việc áp dụng các chi"",
   ""dụng kiến thức về kế toán liên quan đến chế độ kế toán HCSN vào phân tích, đánh giá kế toán tại NSNN và nghiệp vụ kho bạc nhà nước và cơ quan tài chính | 3 |\n| CG2 Kiến thức | CLO2.2 | Vận dụng kiến thức về kế toán liên quan đến chế độ kế toán vào phân tích, đánh giá kế toán thu-chi NSNN, vốn bằng tiền và kế toán vay nợ, nhận viện trợ của nhà nước qua kho bạc nhà nước. | 3 |\n| CG2 Kiến thức | CLO2.3 | Vận dụng kiến thức về kế toán liên quan đến chế độ kế toán vào phân tích, đánh giá kế toán tại các đơn vị thu ngân sách nhà nước | 3 |\n| CG2 Kiến thức | CLO2.4 | Vận dụng kiến thức về kế toán liên quan đến chế độ kế toán vào phân tích, đánh giá kế toán"",
    ""ận dụng kiến thức về kế toán liên quan đến chế độ kế toán HCSN vào phân tích, đánh giá kế toán tại NSNN và nghiệp vụ kho bạc nhà nước và cơ quan tài chính | 3 |\n| CG2 Kiến thức | CLO2.2 | Vận dụng kiến thức về kế toán liên quan đến chế độ kế toán vào phân tích, đánh giá kế toán thu-chi NSNN, vốn bằng tiền và kế toán vay nợ, nhận viện trợ của nhà nước qua kho bạc nhà nước. | 3 |\n| CG2 Kiến thức | CLO2.3 | Vận dụng kiến thức về kế toán liên quan đến chế độ kế toán vào phân tích, đánh giá kế toán tại các đơn vị thu ngân sách nhà nước | 3 |\n| CG2 Kiến thức | CLO2.4 | Vận dụng kiến thức về kế toán liên quan đến chế độ kế toán vào phân tích, đánh giá kế"",
    ",multi_hop
q027,Các nghề nghiệp phổ biến liên quan đến ngành Công nghệ thông tin là gì,"Các nghề nghiệp phổ biến trong ngành Công nghệ thông tin (CNTT) hiện nay bao gồm:
- NHÂN VIÊN TRIỂN KHAI PHẦN MỀM
- KỸ SƯ PHẦN MỀM
- LẬP TRÌNH GAME
- NHÂN VIÊN KINH DOANH TIẾNG TRUNG
- KẾ TOÁN QUẢN TRỊ",,,multi_hop
q028,Ngành nào của NEU phù hợp với người thích kinh doanh,"Nếu bạn thích kinh doanh, có một số ngành tại NEU phù hợp với bạn:
1. Kinh doanh thương mại (7340121): Ngành này tập trung vào các hoạt động thương mại và chiến lược kinh doanh, với các môn học như ""Chuyên đề thực tế - Kinh doanh thương mại (TMKT1154)"" và ""Chiến lược kinh doanh của doanh nghiệp thương mại (TMKT1130)"".
2. Kinh doanh quốc tế (7340120): Ngành này sẽ giúp bạn hiểu về các hoạt động kinh doanh trên quy mô toàn cầu.
3. Kinh doanh nông nghiệp (7620114): Ngành này kết hợp giữa kinh doanh và nông nghiệp, phù hợp với những ai quan tâm đến lĩnh vực này.
4. Kinh tế và quản lý đô thị (7310101): Ngành này cung cấp kiến thức về kinh tế và quản lý trong bối cảnh đô thị.
Các ngành này đều có cơ hội nghề nghiệp tốt trong lĩnh vực kinh doanh. Bạn có thể tham khảo thêm thông tin từ tài liệu liên quan.",,,multi_hop
q029,"Em thích NEU quá, em nên học Marketing hay Thương mại điện tử ạ, em khá là năng động và giỏi giao tiếp ạ","Sự khác nhau giữa Marketing và Thương mại điện tử có thể được thể hiện qua các môn học và cơ hội nghề nghiệp mà mỗi ngành mang lại.
1. Marketing (7340115):
   - Môn học đặc trưng: ""CHUYÊN ĐỀ THỰC TẾ - MARKETING"" (mã môn: TMQT1161).
   - Cơ hội nghề nghiệp: Các vị trí như ""MARKETING OFFLINE"".
2. Thương mại điện tử (7340122):
   - Môn học đặc trưng: ""THƯƠNG MẠI ĐIỆN TỬ"" (mã môn: TMQT1125).
   - Cơ hội nghề nghiệp: Các vị trí liên quan đến thương mại điện tử.
Tóm lại, Marketing tập trung vào các chiến lược tiếp thị và quảng bá sản phẩm, trong khi Thương mại điện tử chú trọng vào việc thực hiện giao dịch và kinh doanh qua mạng.",,,multi_hop
q030,các môn học của ngành kinh tế học?,"Ngành Kinh tế học (7310101) tại NEU bao gồm các môn học tiêu biểu như:
- Kinh tế học tài chính
- Kinh tế vi mô 1
- Kinh tế vĩ mô 1
- Lý thuyết xác suất và thống kê toán
- Kinh tế lượng
- Lịch sử các học thuyết kinh tế",,,multi_hop
q031,Môn Kinh tế vi mô học những nội dung gì,"Môn KINH TẾ VI MÔ 1 (KHMI1101) học những nội dung như:
- CÁC CẤU TRÚC THỊ TRƯỜNG
- CUNG VÀ CẦU
- QUYẾT ĐỊNH CỦA DOANH NGHIỆP
- THƯƠNG MẠI QUỐC TẾ
- VAI TRÒ CỦA CHÍNH PHỦ TRONG NỀN KINH TẾ THỊ TRƯỜNG
- HÀNH VI CỦA NGƯỜI TIÊU DÙNG","    ""54b0bc74-143c-43f5-9ee0-da66251fe348"",
    ""eb525733-f8df-4d8a-b7f8-e08f296fa149"",
    ""9761b57c-2579-44b6-adf0-82e177ca7a5a"",
  ""4da10858-5882-4807-bb57-b344bab97c39"",
    ""2076bdbd-29a1-4abe-8786-4179fcaa32dc"",
    ""020e0d4c-7a51-4d77-bb0a-33f24b437ea6"",","""vực kinh tế và quản trị kinh doanh. Ngoài ra, môn học cũng đề cập đến những nội dung khác như sự tác động của các biến phi kinh tế khác, rủi ro và không chắc chắn... nhằm giúp cho người học có thể nắm bắt được các kiến thức trong kinh tế vi mô một cách đầy đủ và có hệ thống hơn. Các công cụ toán học và mô hình được sử dụng trong suốt môn học nhằm trình bày các vấn đề kinh tế vi mô như: sở thích, lợi ích, công nghệ, sản xuất, chi phí, lợi nhuận… một cách logic và hướng người học tới các phân tích định lượng về kinh tế.\n\nNội dung chính của học phần sẽ cung cấp cho người học:\n\n- Hiểu về bản chất mô hình kinh tế như công cụ nghiên cứu kinh tế và việc áp dụng các công cụ của toán tối ưu vào mô t"",
    ""7 | TS Đồng Thị Hà | Hadtkth@neu.edu.vn |\n| 8 | TS Đoàn Việt Dũng | Dungdv@neu.edu.vn |\n| 9 | PGS.TS Vũ Ngọc Xuân | Xuanvn@neu.edu.vn |\n| 10 | ThS Nguyễn Phạm Anh | Anhnp@neu.edu.vn |\n\n3. MÔ TẢ HỌC PHẦN (Course Descriptions) \n\nKinh tế vi mô 2 cung cấp kiến thức chuyên sâu về kinh tế học vi mô, mở rộng và phân tích sâu hơn các nội dung đã nghiên cứu ở kinh tế học vi mô 1. Cụ thể, sử dụng công cụ toán học và một số công cụ định lượng để phân tích các vấn đề về hành vi người tiêu dùng, hành vi người sản xuất, hành vi của hãng trong các cấu trúc thị trường, hành vi của người bán, người mua trong thị trường yếu tố sản xuất. Một chủ đề hoàn toàn mới được đưa vào nghiên cứu trong học phần này là l"",
    ""o \n\n[3] Slide bài giảng: Kinh tế vi mô 2\n\n[4] Vũ Kim Dũng – Phạm Văn Minh (2009), Hướng dẫn thực hành kinh tế vi mô II, Nhà xuất bản Thống kê.\n\n[5] PGS.TS Vũ Kim Dũng – TS Đinh Thiện Đức (2010), Bài tập Kinh tế vi mô, Nhà xuất bản LĐ-XH.\n\n4.3. Tài liệu bổ sung\n\n5. MỤC TIÊU HỌC PHẦN (Course Goals)\n\nBảng 1. Mục tiêu học phần\n\n| Mã/Code (CGx) | Mô tả mục tiêu học phần (CG) | CĐR/PLO của CTĐT* |\n| ------------- | ---------------------------------------------------------------------------------------------------------------------------------------------------------------------------------------------------------------------------------------------------- | ----------------- |\n| [1] | [2] | [3] |"",
   ""h định lượng về kinh tế.\n\nNội dung chính của học phần sẽ cung cấp cho người học:\n\n- Hiểu về bản chất mô hình kinh tế như công cụ nghiên cứu kinh tế và việc áp dụng các công cụ của toán tối ưu vào mô tả hành vi của các thành viên kinh tế.\n\n- Sử dụng các lý thuyết khác nhau về phân tích hành vi người tiêu dùng để xây dựng hàm cầu cá nhân người tiêu dùng và phân tích các chính sách.\n\n- Các khái niệm mô tả rủi ro như giá trị kỳ vọng, phương sai và độ lệch chuẩn và các tiêu thức để các cá nhân ra quyết định trong điều kiện rủi ro cũng như hiểu được thái độ đối với rủi ro và các biện pháp để giảm thiểu rủi ro, những ưu nhược điểm của các biện pháp đó.\n\nHàm sản xuất trong ngắn hạn, dài hạn và hiệu"",
    ""----------- |\n| [1] | [2] | [3] | [4] |\n| CG1 Kiến thức | CLO1.1 | Cung cấp hệ thống các lý thuyết và mô hình kinh tế được sử dụng rộng rãi trong Kinh tế vi mô. Nghiên cứu, phân tích, tổng hợp, khái quát các vấn đề kinh tế vi mô chuyên sâu. | III |\n| CG1 Kiến thức | CLO1.2 | Ứng dụng các lý thuyết/mô hình này vào việc phân tích, đánh giá các chính sách của Chính phủ và vận dụng vào dự đoán và dự báo cho thời kỳ tương lai. | IV |\n| CG2 Kỹ năng | CLO2.1 | Phát triển các kỹ năng thực hiện nghiên cứu, phân tích, tổng hợp, khái quát các vấn đề kinh tế vi mô chuyên sâu. Sử dụng thành thạo các mô hình kinh tế vi mô. | III |\n| CG2 Kỹ năng | CLO2.2 | Có khả năng làm việc độc lập, làm việc theo nhóm đ"",
    ""------------------------------------------------------------------------------------------------------------------------------------------------------------- | ----------------- |\n| [1] | [2] | [3] |\n| CG1 | Sinh viên nhận biết và hiểu được các kiến thức chuyên sâu và hiện đại về kinh tế vi mô 2 cho phân tích kinh tế và hoạch định chính sách. | PLO1.4 |\n| CG2 | Sinh viên có kỹ năng vận dụng được kiến thức để thực hiện các chức năng pháp triển kỹ năng lập luận, phân tích, phát hiện và giải quyết các vấn đề chuyên sâu về các vấn đề kinh tế vi mô, đặc biệt là phân tích định lượng các mối quan hệ kinh tế. | PLO2.3 |\n| CG3 | Học phần rèn luyện cho sinh viên khả năng tự học, tự nghiên cứu để nâng"",
    ",multi_hop
q032,"Em có năng khiếu giao tiếp, thuyết trình và thích làm việc với khách hàng thì nên học ngành gì tại NEU ạ?","Nếu bạn có năng khiếu giao tiếp, thuyết trình và thích làm việc với khách hàng, bạn nên học các ngành sau tại NEU:
Marketing
Quản trị kinh doanh
Quản trị dịch vụ và du lịch
Kinh doanh quốc tế","""7e4bf6fe-16ed-4b10-a8c6-a2a68e3a4778"",
    ""d4a2a58a-06f8-4b40-bd94-cdf90effebf3"",
    ""b1b5d6ac-8d82-4eac-9045-e663e8993016"",""df143eeb-de60-4a29-8bb9-999c3a125811""","""arketing\n\nĐịa chỉ: Phòng 1306 Nhà A1, Trường ĐH Kinh tế Quốc dân\n\nGiảng viên giảng dạy học phần: \n\n| Stt | Họ và tên | Email NEU |\n| ---- | -------------------- | ----------------- |\n| 1 | PGS. TS. Vũ Minh Đức | ducvm@neu.edu.vn |\n| 2 | TS. Đinh Vân Oanh | oanhdv@neu.edu.vn |\n| ... | ... | ... |\n\n3. MÔ TẢ HỌC PHẦN (Course Descriptions) \n\nĐầu tiên, học phần giới thiệu những hiểu biết căn bản về bán hàng cá nhân và quản trị lực lương bán hàng của doanh nghiệp. Tiếp đến, trình bày những vấn chung mang tính chiến lược, tổng thể thuộc quy trình quản trị lực lượng bán. Sau đó là phần trang bị những kiến thức và kỹ năng để thực hiện các khâu công việc cụ thể của quy trình này như : tuyển chọn, đào"",
    ""ần: Khoa Marketing\n\nĐịa chỉ: Phòng 1306, Nhà A1, Trường ĐH Kinh tế Quốc dân\n\nGiảng viên giảng dạy học phần: \n\n| Stt | Họ và tên | Email NEU |\n| ---- | ------------------- | ------------------------ |\n| | GS. Nguyễn Viết Lâm | nguyenvietlam@neu.edu.vn |\n| | TS. Đinh Vân Oanh | oanhdv@neu.edu.vn |\n\n3. MÔ TẢ HỌC PHẦN (Course Descriptions)\n\nHọc phần trang bị cho người học hiểu biết về những phẩm chất, tư duy, cách thức bán hàng và các kiến thức cần thiết giúp nhân viên bán hàng tạo ra được giá trị tối ưu cho khách hàng. Đồng thời, học phần trang bị cho người học các kỹ năng giao tiếp bán hàng cơ bản như kỹ năng lắng nghe thấu hiểu khách hàng; kỹ năng đặt câu hỏi; kỹ năng trình bày thuyết phục; k"",
   ""Khách sạn, Bộ môn Quản trị Khách sạn\n\nĐịa chỉ: Phòng 709 Nhà A1, Trường ĐH Kinh tế Quốc dân\n\nGiảng viên: \n\n| STT | Họ và tên | Email NEU |\n| ---- | ------------------------ | ----------------------- |\n| 1 | Ths. Đồng Thuỳ Dương | dtduong@neu.edu.vn |\n| 2 | Ths. Nguyễn Thị Kim Ngân | ngannguyentk@neu.edu.vn |\n\n3. MÔ TẢ HỌC PHẦN (Course Descriptions) \n\nHọc phần này tập trung làm rõ nội dung, bản chất, đặc điểm của hoạt động kinh doanh khách sạn, đặc biệt là loại hình du thuyền hay còn gọi là Khách sạn nổi (Floating hotel); Chỉ ra mối liên hệ giữa loại hình kinh doanh này với các doanh nghiệp dịch vụ du lịch khác, với ngành du lịch và với nền kinh tế quốc dân.\n\nHọc phần này nghiên cứu hoạt độn"",
    ""về ngành và các lĩnh vực kinh doanh của các doanh nghiệp nông nghiệp điển hình, niêm yết trên thị trường chứng khoán Việt Nam | 4 |\n| CG2 Kỹ năng | CLO 2.1 | Sinh viên có kỹ năng phân tích và giải quyết vấn đề với các tình huống kinh doanh của doanh nghiệp, của ngành nông sản, từ đó đưa ra nhận định và suy luận có tính khoa học và logic. | 3 |\n| CG2 Kỹ năng | CLO 2.2 | Phát triển khả năng giao tiếp một cách linh hoạt, tự tin và hiệu quả trong việc trình bày ý kiến, thảo luận và tương tác thông qua các hoạt động seminar và nghiên cứu các trường hợp thực tế. | 3 |\n| CG2 Kỹ năng | CLO 2.3 | Phát triển kỹ năng làm việc nhóm hiệu quả, bao gồm việc hợp tác, lắng nghe ý kiến và đóng góp ý kiến cá""
  ",multi_hop
q033,Em có thế mạnh về ngoại ngữ và muốn làm việc trong môi trường quốc tế thì nên vào ngành nào ạ anh chị tư vấn giúp em,"Với thế mạnh về ngoại ngữ và mong muốn làm việc trong môi trường quốc tế, bạn có thể lựa chọn các ngành sau tại NEU:
Kinh doanh quốc tế
Ngôn ngữ Anh
Kinh tế quốc tế
Các ngành này giúp bạn rèn luyện ngoại ngữ chuyên ngành và làm việc trong các doanh nghiệp, tổ chức quốc tế.","    ""1b0ca66c-4c83-44e9-a87f-58f41cfb22f3"",
    ""453662b3-8ec9-410b-a2d2-3e2655ceea8d"",
   ""ef222523-b3d1-44c2-9977-5c83fbae30a9"",""2ae0113f-cdca-4062-9dcf-934a7343f8b4""","""ng quản lý và sử dụng tài nguyên bằng tiếng Anh | II |\n| CG3 | CLO 3.2 | Phân tích được thông tin liên quan đến chuyên ngành kinh tế tài nguyên thông qua luyện các kỹ năng nghe, nói, đọc, viết từ tài liệu bằng tiếng Anh; | III |\n| CG3 | CLO 3.3 | Đánh giá được các nội dung liên quan chuyên ngành kinh tế tài nguyên thông qua luyện các kỹ năng nghe, nói, đọc, viết từ tài liệu bằng tiếng Anh; | III |\n| CG3 | CLO 3.4 | Tổng hợp kết quả nghiên cứu, kết quả từ các tài liệu nghiên cứu khác trong kinh tế học tài nguyên, quản lý và sử dụng tài nguyên bằng tiếng Anh | III |\n| | | | |\n| CG4 | CLO 4.1 | Chủ động trong học tập, nghiên cứu, làm việc nhóm | III |\n| CG4 | CLO 4.2 | Chủ động lựa chọn vấn đề,"",
    ""liên quan đến Kinh tế tài nguyên. Học phần hướng dẫn người học các nội dung về củng cố những kiến thức về ngữ pháp cơ bản và tiếp tục phát triển bốn kỹ năng nghe, nói, đọc, viết đối với tiếng Anh ngành kinh tế tài nguyên nói chung và một số chuyên ngành chính: Kinh tế tài nguyên đất, Kinh tế tài nguyên biển, Kinh tế tài nguyên nước… nói riêng. Bên cạnh đó, học phần cũng hướng dẫn củng cố những kiến thức chuyên ngành kinh tế tài nguyên, cập nhật những kiến thức liên quan đến ngành trên phạm vi thế giới và ở Việt Nam. Các kết quả, bài học kinh nghiệm đạt được trong quá trình phân tích, đánh giá kỹ năng tiếng Anh và kiến thức chuyên ngành kinh tế tài nguyên sẽ được tư liệu hóa và được sử dụng n"",
   ""huyên gia hoặc cựu sinh viên hiện đang làm tại các doanh nghiệp, cán bộ doanh nghiệp về định hướng nghề nghiệp, xu hướng thị trường lao động, các vị trí việc làm phù hợp với cử nhân tốt nghiệp ngành ngôn ngữ Anh; các yêu cầu nghề nghiệp. | Tài liệu do giảng viên cung cấp | Thảo luận Tham luận | Mức độ tham gia Mức độ tương tác Rubric 1 | CLO1 CLO3 |\n| 4-7 | Reflection | | | Mức độ tham gia Mức độ tương tác Chất lượng của bản reflection Rubric 2 | CLO 1.1 CLO 1.2 CLO 2.1 CLO 3.1 CLO 4.2 |\n| 8-9 | Fieldtrip: kiến tập tập trung Sinh viên tới thăm quan một công ty, thăm quan trụ sở làm việc và nhà máy, nghe đại diện công ty giới thiệu về hoạt động của công ty và các vị trí việc làm phù hợp. | Tà"",""uốc tế, các chứng từ thương mại và đề xuất các dự án đầu tư quốc tế | III |\n| CG2 | CLO 2.1 | Có kỹ năng làm việc độc lập, kỹ năng hợp tác, làm việc chuyên nghiệp theo nhóm để giải quyết các yêu cầu trong học tập và công việc được giao. | III |\n| CG2 | CLO 2.2 | Có kỹ năng thích ứng kịp thới và hiệu quả cao với sự thay đổi giải quyết các yêu cầu trong học tập và công việc được giao | III |\n| CG3 | CLO 3.1 | Đạt được tối thiểu chứng chỉ tiếng Anh Quốc tế IELTS 5.5 và tương đương | III |\n| CG3 | CLO 3.2 | Có năng lực tự học tập, tích lũy và nâng cao kiến thức về tiếng Anh chuyên ngành kinh tế và kinh doanh quốc tế | III |\n| CG3 | CLO 3.3 | Có chính kiến sâu sắc và nhận thức đầy đủ, đúng đắn về""
  ",multi_hop
q034,Em đang phân vân giữa kinh tế với marketing thì nên chọn ngành nào ạ?,"Nếu bạn đang phân vân giữa ngành Kinh tế và Marketing, dưới đây là một số thông tin để bạn tham khảo:
Ngành Kinh tế (7310101)
- Môn học đặc trưng:
  - Lập trình kinh tế vĩ mô (KHMA1130)
  - Kinh tế học biến đổi khí hậu (MTKH1103)
  - Kinh tế vĩ mô 1 (KHMA1101)
  - Kinh tế vi mô 1 (KHMI1101)
  - Kinh tế và quản lý nhà ở đô thị (MTDT1123)
Ngành Marketing (7340115)
- Môn học đặc trưng:
  - Marketing căn bản (MKMA1104)
  - Quản trị Marketing (MKMA1110)
  - Hành vi Người tiêu dùng (MKMA1101)
  - Marketing quốc tế (MKMA1108)
  - Marketing dịch vụ (MKMA1107)
Cơ hội nghề nghiệp:
-Ngành Kinh tế có thể dẫn đến các nghề như: Chuyên viên phân tích kinh tế, Quản lý dự án, Chuyên viên tư vấn kinh tế.
- Ngành Marketing có thể dẫn đến các nghề như: Chuyên viên Marketing, Quản lý thương hiệu, Chuyên viên nghiên cứu thị trường.
Bạn có thể cân nhắc sở thích cá nhân và mục tiêu nghề nghiệp của mình để đưa ra quyết định phù hợp.",,,global
q035,"Em rất thích phân tích, thiết kế và sáng tạo thì nên học ngành gì tại trường mình ạ?","Nếu bạn yêu thích phân tích, thiết kế và sáng tạo, bạn có thể lựa chọn các ngành sau tại NEU:
Hệ thống thông tin quản lý
Marketing
Công nghệ thông tin
Thương mại điện tử","    ""8d798301-6515-4f47-8fa6-47ecf412275a"",
    ""42199789-184c-452c-914f-fdd2625cb27c"",
   ""7f4822d7-6b78-4ed5-a564-d3006f199846""""476b64a1-d976-4543-84cb-38c8f9f66dc8""","""trong khối kiến thức ngành của ngành Công nghệ thông tin. Học phần bao gồm các nội dung tổng quan về phân tích thiết kế hệ thống và phân tích thiết kế hướng đối tượng: Hệ thống, hệ thống thông tin, vòng đời phát triển hệ thống, đội ngũ phát triển hệ thống, phương pháp phát triển hệ thống, quy trình phát triển phần mềm, ngôn ngữ mô hình hóa thống nhất UML; Khảo sát hệ thống và xác lập dự án phát triển hệ thống; Mô hình hóa yêu cầu nghiệp vụ, yêu cầu chức năng, mô hình hóa cấu trúc và hành vi của hệ thống; Thiết kế kiến trúc, thiết kế giao diện người dùng và thiết kế lớp và dữ liệu. \n\nHọc phần cũng giúp sinh viên rèn luyện kỹ năng tư duy, khả năng tự tìm hiểu các kiến thức liên quan đến phân t"",
    ""ơ bản về nguyên lý thiết kế của các máy tính hiện đại và các thành phần của chúng. Học phần tập trung đặc biệt vào các kỹ thuật đường ống, thiết kế phân tầng bộ nhớ. Các vấn đề về mặt thực hiện cũng được chú trọng. Các phương pháp đo lường và phân tích hiệu năng cũng được thảo luận để đánh giá các kiến trúc khác nhau. \n\nHọc phần cũng nhằm rèn luyện khả năng tư duy, kỹ năng tính toán và nâng cao khả năng ứng dụng các kiến thức vào phân tích, nghiên cứu các vấn đề trong lĩnh vực kiến trúc máy tính. Học phần trang bị cho người học những kiến thức, kỹ năng và năng lực cần thiết để tìm kiếm, truy xuất và khai thác các nguồn tài liệu liên quan đến môn học và tiếp tục học cao hơn.\n\nNội dung chính:"",
   ""ng tin cậy.\n\nPhân tích và làm sạch dữ liệu bằng Pandas.\n\nTrực quan hóa các phân tích thống kê bằng Matplotlib.\n\nSinh viên cần tạo một báo cáo tổng hợp về các phân tích và kết luận của mình.\n\nBên cạnh các ứng dụng trên, các nhóm sinh viên có thể tự do đề xuất các chủ đề khác, tuy nhiên cần có sự đồng ý của giáo viên dạy. Các tiêu chí để đánh giá sản phẩm của nhóm như sau:\n\n| Tiêu chí đánh giá | CLO | Trọng số (%) | Mô tả mức chất lượng | Mô tả mức chất lượng | Mô tả mức chất lượng | Mô tả mức chất lượng |\n| ------------------------------ | ----------- | ------------ | ------------------------------------------------------------------------------------------------------------------------------"",
    ""ân tích thiết kế |\n| Tính sáng tạo trong phân tích xử lý giải quyết vấn đè | 1.x 2.x 3.x | 10% | Thể hiện tính sáng tạo trong quá trình phân tích thiết kế, cài đặt các mô đun, chức năng giao diện, xử lý tích hợp các thuật toán, kỹ thuật áp dụng. Phân tích thiết kế, cài đặt có sự sáng tạo, đưa ra những nhận định mới và có ý nghĩa | Thể hiện tính sáng tạo trong quá trình phân tích thiết kế, cài đặt các mô đun, chức năng giao diện, xử lý tích hợp các thuật toán, kỹ thuật áp dụng. Phân tích thiết kế, cài đặt có ý nghĩa và lôgíc, có thể đưa ra nhận định mới | Thực hiện phân tích thiết kế, cài đặt các mô đun, chức năng giao diện, xử lý tích hợp các thuật toán, kỹ thuật áp dụng một cách cơ bản, khô""
  ",multi_hop
q036,Ai là giảng viên dạy môn Cơ sở dữ liệu?,"Môn Cơ sở dữ liệu (TIKT1130) được giảng dạy bởi các giảng viên:
- Tống Thị Minh Ngọc
- Trần Thị Mỹ Diệp
- Nguyễn Ngọc Tuấn",,,single_hop
q037,"Em đang là sinh viên năm 2 ngành Khoa học máy tính, em định hướng làm Kỹ sư phần mềm thì nên học những môn nào ạ","Để làm Kỹ sư phần mềm, bạn nên học ngành Kỹ thuật phần mềm (7480103) với các môn cốt lõi:
- Lập trình Java
- Cấu trúc dữ liệu và Giải thuật
- Kỹ nghệ phần mềm
- Phân tích và thiết kế hệ thống
- Cơ sở dữ liệu","""95c90b31-9161-43d6-a4b3-992da977412b"",
    ""1157008a-0ae3-4f4e-8af3-f229767d6e08"",
 ""4dd0fd9f-b342-473e-88e1-777eff57a2b7"",""9d1860f8-d5cc-426d-a9d5-6a8920c81d84""","""------------------------------------------ | ------------ |\n| [1] | [2] | [3] |\n| CG1 | Học phần cung cấp kiến thức sâu rộng về ngành Khoa học máy tính, từ việc nắm vững các nguyên lý cơ bản đến hiểu biết sâu sắc về các công nghệ tiên tiến nhất. Thông qua việc nghiên cứu và thực hiện khoá luận tốt nghiệp, sinh viên sẽ phát triển kiến thức, hiểu biết sâu sắc về cách thức hoạt động của máy tính và các khái niệm quan trọng khác trong lĩnh vực này. Sinh viên sẽ có cơ hội áp dụng những kiến thức họ đã học vào việc giải quyết các vấn đề thực tế, từ việc phát triển ứng dụng cho đến việc tối ưu hóa hệ thống máy tính. | |\n| CG2 | Học phần khuyến khích áp dụng những kỹ năng lập trình, thuật toán, đồ h"",
    ""tế trong các doanh nghiệp, đặc biệt là trong lĩnh vực khoa học máy tính. Qua đó, sinh viên không chỉ nắm bắt được kiến thức lý thuyết đã học mà còn có cơ hội áp dụng những kiến thức đó vào thực tiễn, giúp họ hiểu rõ hơn về các thách thức, yêu cầu và cơ hội trong ngành. | |\n| CG2 | Học phần này còn nhấn mạnh việc phát triển kỹ năng tư duy phản biện và kỹ năng đánh giá giải pháp. Sinh viên được khuyến khích phân tích các cách thức mà doanh nghiệp đang áp dụng để giải quyết vấn đề, đánh giá hiệu quả của chúng và đề xuất các cải tiến có thể. Qua đó, sinh viên có thể hiểu rõ hơn về cách thức các công nghệ mới được triển khai và điều chỉnh cho phù hợp với mục tiêu và môi trường cụ thể của từng doa"",
   ""ã học vào việc giải quyết các vấn đề thực tế, từ việc phát triển ứng dụng cho đến việc tối ưu hóa hệ thống máy tính. | |\n| CG2 | Học phần khuyến khích áp dụng những kỹ năng lập trình, thuật toán, đồ hoạ máy tính, trí tuệ nhân tạo … để giải quyết các vấn đề thực tế trong lĩnh vực Khoa học máy tính. Đồng thời, họ cũng sẽ rèn luyện khả năng làm việc nhóm, giao tiếp và giải quyết vấn đề. | |\n| CG3 | Học phần thúc đẩy năng lực tự quản lý và tự học của sinh viên. Qua việc thực hiện dự án khóa luận, sinh viên sẽ học cách tự đặt mục tiêu, lên kế hoạch và thực hiện các bước hành động để đạt được mục tiêu đó. Sinh viên cũng sẽ phải tự chịu trách nhiệm về quyết định và kết quả của dự án, từ việc lựa ch"",""ng chương trình đào tạo sinh viên ngành Hệ thống thông tin quản lý, Công nghệ thông tin và Khoa học máy tính. Học phần hướng trọng tâm đến lĩnh vực ứng dụng và nâng cao kỹ năng giúp sinh viên nắm được những kiến thức cơ bản về giải thuật và các tổ chức dữ liệu là hai thành tố quan trọng nhất của một chương trình máy tính. \n\nHọc phần trình bày những kiến thức cơ bản về các kiểu cấu trúc dữ liệu thông dụng và các giải thuật xử lý các dữ liệu bao gồm:\n\n- Chương 1: Tổng quan về Cấu trúc dữ liệu và giải thuật.\n\n- Chương 2: Cấu trúc dữ liệu Mảng (Array)\n\n- Chương 3: Cấu trúc dữ liệu kiểu danh sách (List).\n\n- Chương 4: Cấu trúc dữ liệu Cây (Tree).\n\n- Chương 5: Cấu trúc dữ liệu kiểu đồ thị (Graph).""",multi_hop
q038,"Em khá là thích lĩnh vực tài chính và ngân hàng, anh chị có thể tư vấn cho em những ngành nên học đc ko ạ, e cảm ơn","Nếu bạn thích tài chính và ngân hàng, tại NEU bạn có thể lựa chọn:
1. Tài chính - Ngân hàng (7340201): đào tạo chuyên sâu về tài chính doanh nghiệp, ngân hàng, thị trường chứng khoán
2. Bảo hiểm (7340204): quản lý rủi ro, bảo hiểm nhân thọ và phi nhân thọ
3. Kế toán (7340301): kế toán tài chính, kiểm toán","""4dd50906-6305-43d4-b49b-5469016d9a20"",
    ""b0d0d970-b4bf-4f22-9ee9-8ae81ec764a0"",
  ""04ae618c-1096-4e58-a44a-c0e8b4f10407"",
    ""21c1abae-c701-4895-aeea-bc723f7e2cb0"",","""chính, vai trò của thịtrường tài chính, các lớp tài sản, các loại thị trường giao dịch, phương thức giao dịch, và một sốchiến lược giao dịch các loại chứng khoán. Bên cạnh đó, học phần sẽ cung cấp cho học viên viênkiến thức về chiến lược phân bổ tài sản, chiến lược phân bổ vốn, phương thức đánh giá hiệu suất đầu tư, nhằm trang bị cho học viên kĩ năng độc lập nghiên cứu, kĩ năng phân tích, kĩ năng quản trị rủi ro và kĩ năng đánh giá hiệu suất đầu tư sau khi hoàn thành môn học\n\nNội dung chính:\n\nTổng quan về thị trường tài chính và các sản phẩm tài chính;\n\nĐầu tư thay thế;\n\nLý thuyết danh mục đầu tư và quản lý danh mục đầu tư\n\nCác mô hình định giá\n\nPhương thức giao dịch và chiến lược đầu tư că"",
    ""ng đầu tư tài chính và đánh giá được hiệu quả tài chính của danh mục đầu tư hay dự án đầu tư | PLO1.4 |\n| CG2 | Giúp người học có khả năng vận dụng kiến thức, lý thuyết đã học trong việc xây dựng chiến lược đầu tư, quản trị rủi ro và đánh giá hiệu quả đầu tư. | PLO1.5 PLO2.3 |\n| CG3 | Giúp người học có kỹ năng nghiên cứu, kỹ năng phân tích, tổng hợp và đánh giá môi trường đầu tư, các danh mục hay các dự án đầu tư. | PLO1.6 PLO2.3 PLO2.4 PLO2.5 |\n| CG4 | Giúp người học phát triển khả năng tự nghiên cứu, làm việc độc lập, làm việc theo nhóm, tích lũy kinh nghiệm để tiếp tục học cao hơn nhằm nâng cao trình độ chuyên môn. Có nhận thức về đạo đức và tuân thủ pháp luật trong hoạt động đầu tư | PLO"",
   ""Những giải pháp này giúp tăng cường khả năng phòng thủ của hệ thống mạng trước các mối đe dọa từ bên ngoài và bên trong. \n\n Học phần rèn luyện kỹ năng tư duy, kỹ năng sử dụng các công cụ để nhận biết, phân tích, giải quyết các vấn đề liên quan đến an toàn, bảo mật thông tin mạng. Đồng thời học phần cũng phát triển kỹ năng làm việc độc lập, làm việc nhóm và khả năng tự nghiên cứu của sinh viên.\n\nNội dung chính:\n\n Học phần cung cấp cho sinh viên những kiến thức sau đây:\n\nGiới thiệu chung về an ninh mạng;\n\nCác kỹ thuật bảo mật: mã hóa, mật mã khóa công khai, xác thực, chữ ký số\n\nCác kỹ thuật đánh giá an toàn mạng\n\nMột số hình thức tấn công mạng: tấn công mật khẩu, tấn công giả mạo địa chỉ IP, c"",
    "".1312, Tòa nhà A1, Trường Đại học KTQD, 207 Giải Phóng, Hai Bà Trưng, Hà Nội\n\nGiảng viên giảng dạy học phần: \n\n| STT | Họ và tên | Email |\n| ---- | ---------------------- | ----------------------- |\n| 1 | TS. Nguyễn Thanh Hương | huongnt_cntt@neu.edu.vn |\n| 2 | TS. Tống Thị Hảo Tâm | tamtth@neu.edu.vn |\n\n3. MÔ TẢ HỌC PHẦN (Course Descriptions)\n\nHọc phần An ninh không gian mạng cung cấp cho sinh viên những kiến thức cơ bản trong việc bảo vệ hệ thống thông tin và hệ thống mạng. Học phần giới thiệu các khái niệm và ý nghĩa của an ninh mạng, nhấn mạnh vào việc bảo vệ thông tin quan trọng và ngăn chặn các mối đe dọa từ bên trong và bên ngoài mạng; Tập trung vào các kỹ thuật nền tảng như mã hóa, m"",
    ",global
q039,"em hiện đang là sinh viên năm nhất ngành an toàn thông tin, em có thể học những môn gì để làm việc trong mảng an ninh mạng","Để làm việc trong mảng an ninh mạng, từ nền tảng ngành An toàn thông tin (7480202), bạn nên chú trọng các môn:
- An toàn và bảo mật thông tin (CNTT1168)
- An ninh không gian mạng (CNTT1197)
- Bảo mật phần mềm và cơ sở dữ liệu (CNTT1169)
- Đánh giá lỗ hổng bảo mật và kiểm thử xâm nhập (CNTT1172)
- Mạng máy tính và truyền số liệu (CNTT1108)
Các môn này sẽ cung cấp nền tảng kỹ thuật vững chắc để bạn phát triển trong lĩnh vực an ninh mạng.","    ""2270833e-c3f1-433f-808f-36f0c2f29a39"",
    ""4a0a3792-7b3b-427a-a38a-021fc9886b5e"",
""04ae618c-1096-4e58-a44a-c0e8b4f10407"",
    ""21c1abae-c701-4895-aeea-bc723f7e2cb0"",
    ""80abb885-4ebb-4242-b1a2-74fd79979eae"",
    ""f6ed6cd3-1f6f-4a13-bcc0-8faf7e70be7e"",","""ch và kiểm tra tính an toàn của mạng từ các góc độ khác nhau. Bên cạnh đó, sinh viên cũng sẽ tìm hiểu về các hình thức tấn công mạng phổ biến như tấn công mật khẩu, tấn công giả mạo địa chỉ IP, chiếm quyền máy chủ, tấn công từ chối dịch vụ và tấn công cổng sau. Việc hiểu biết về các loại tấn công này giúp sinh viên nhận biết và phòng tránh hiệu quả.Ngoài ra, học phần cung cấp một số giải pháp an toàn mạng như chính sách an ninh IP, hệ thống tường lửa, hệ thống IDS/IPS và bảo mật mạng không dây. Những giải pháp này giúp tăng cường khả năng phòng thủ của hệ thống mạng trước các mối đe dọa từ bên ngoài và bên trong. \n\n Học phần rèn luyện kỹ năng tư duy, kỹ năng sử dụng các công cụ để nhận biết,"",
    ""các khái niệm và ý nghĩa của an ninh mạng, nhấn mạnh vào việc bảo vệ thông tin quan trọng và ngăn chặn các mối đe dọa từ bên trong và bên ngoài mạng; Tập trung vào các kỹ thuật nền tảng như mã hóa, mật mã khóa công khai, xác thực và chữ ký số. Những kiến thức này là cơ bản để hiểu về cách thông tin được bảo vệ và truyền tải an toàn trên mạng. Các kỹ thuật đánh giá an toàn mạng cũng được giới thiệu để sinh viên có thể đánh giá và xác định các lỗ hổng trong hệ thống mạng. Điều này bao gồm phân tích và kiểm tra tính an toàn của mạng từ các góc độ khác nhau. Bên cạnh đó, sinh viên cũng sẽ tìm hiểu về các hình thức tấn công mạng phổ biến như tấn công mật khẩu, tấn công giả mạo địa chỉ IP, chiếm"",
  ""Những giải pháp này giúp tăng cường khả năng phòng thủ của hệ thống mạng trước các mối đe dọa từ bên ngoài và bên trong. \n\n Học phần rèn luyện kỹ năng tư duy, kỹ năng sử dụng các công cụ để nhận biết, phân tích, giải quyết các vấn đề liên quan đến an toàn, bảo mật thông tin mạng. Đồng thời học phần cũng phát triển kỹ năng làm việc độc lập, làm việc nhóm và khả năng tự nghiên cứu của sinh viên.\n\nNội dung chính:\n\n Học phần cung cấp cho sinh viên những kiến thức sau đây:\n\nGiới thiệu chung về an ninh mạng;\n\nCác kỹ thuật bảo mật: mã hóa, mật mã khóa công khai, xác thực, chữ ký số\n\nCác kỹ thuật đánh giá an toàn mạng\n\nMột số hình thức tấn công mạng: tấn công mật khẩu, tấn công giả mạo địa chỉ IP, c"",
    "".1312, Tòa nhà A1, Trường Đại học KTQD, 207 Giải Phóng, Hai Bà Trưng, Hà Nội\n\nGiảng viên giảng dạy học phần: \n\n| STT | Họ và tên | Email |\n| ---- | ---------------------- | ----------------------- |\n| 1 | TS. Nguyễn Thanh Hương | huongnt_cntt@neu.edu.vn |\n| 2 | TS. Tống Thị Hảo Tâm | tamtth@neu.edu.vn |\n\n3. MÔ TẢ HỌC PHẦN (Course Descriptions)\n\nHọc phần An ninh không gian mạng cung cấp cho sinh viên những kiến thức cơ bản trong việc bảo vệ hệ thống thông tin và hệ thống mạng. Học phần giới thiệu các khái niệm và ý nghĩa của an ninh mạng, nhấn mạnh vào việc bảo vệ thông tin quan trọng và ngăn chặn các mối đe dọa từ bên trong và bên ngoài mạng; Tập trung vào các kỹ thuật nền tảng như mã hóa, m"",
    ""à học phần bắt buộc nằm trong khối kiến thức ngành của ngành Công nghệ thông tin. Học phần bao gồm các nội dung tổng quan về mạng máy tính và truyền số liệu: kiến trúc mạng, các giao thức truyền thông; Các kỹ thuật truyền số liệu: các phương pháp mã hóa điều chế, phát hiện lỗi và sửa lỗi, điều khiển truyền số liệu; Các yếu tố cơ bản và các thiết bị mạng LAN; Các kỹ thuật mạng diện rộng; Giao thức TCP/IP và các dịch vụ mạng Internet phổ biến. \n\n Học phần cũng giúp sinh viên rèn luyện kỹ năng tư duy, khả năng tự tìm hiểu các kiến thức liên quan đến hệ thống mạng máy tính. Sinh viên có năng lực làm việc độc lập và làm việc theo nhóm. Sinh viên có thể vận dụng các kiến thức đã học để giải quyết"",
    ""h mạng;\n\nCác kỹ thuật bảo mật: mã hóa, mật mã khóa công khai, xác thực, chữ ký số\n\nCác kỹ thuật đánh giá an toàn mạng\n\nMột số hình thức tấn công mạng: tấn công mật khẩu, tấn công giả mạo địa chỉ IP, chiếm quyền máy chủ, tấn công từ chối dịch vụ, tấn công cổng sau\n\nMột số giải pháp an ninh mạng: chính sách an ninh IP, hệ thống tường lửa, hệ thống IDS/IPS, bảo mật mạng không dây\n\n4. TÀI LIỆU HỌC TẬP (Learning resources: Course Books, Reference Books, and Softwares)\n\n4.1. Giáo trình\n\n[1] William Stallings (2017), Cryptography and Network Security: Principles and Practice, SeventhEdition, Pearson.\n\n[2] Nguyễn Thị Thanh Vân, Huỳnh Nguyên Chính (2023), Giáo trình an ninh mạng, Nhà xuất bản Đại học"",
    ",multi_hop
q040,Với điểm em đạt được thì em chỉ có thể vào được ngành an toàn thông tin thì sau này em có thể trở thành lập trình viên được không ạ,"Hoàn toàn có thể! Ngành An toàn thông tin (7480202) cũng đào tạo nhiều môn lập trình như:
- Cơ sở lập trình
- Lập trình Java
- Lập trình Web
Bạn vẫn có thể trở thành Lập trình viên nếu tự bổ sung thêm các kỹ năng lập trình và xây dựng portfolio thực tế. Ngành ATT còn là lợi thế vì bạn hiểu cả bảo mật lẫn lập trình.","    ""b18f2a89-761c-47fa-a442-8942c30bddaa"",
    ""52dad02e-2198-4690-a529-4663280cb580"",
   ""b94fd8cf-9dd6-4879-886d-e5c3f41ba6f0"",""b564e378-049e-476a-a261-8c8e3be16b8d""","""----------------------------------------------------------------------------------------------------------------------------------------------------------------------------------- | ------------------------------------------------------ | ------ |\n| [1] | [2] | [3] | [4] |\n| G1 | Vận dụng các kiến thức ngành An toàn thông tin vào việc phân tích, đánh giá, đảm bảo an toàn và bảo mật cho các hệ thống thông tin, phát triển phần mềm để giải quyết các bài toán | PLO 1.4A PLO 1.4B | 4 |\n| G2 | Sinh viên có kỹ năng giao tiếp, viết báo cáo và thuyết trình chuyên môn; quản lý thời gian, thích ứng với sự thay đổi; kỹ năng giao tiếp trên môi trường mạng. Có kỹ năng tư duy hệ thống và mô hình hóa; có kỹ"",
    ""------------------------------------------------------------------------------------------------------------- | --------------- |\n| [1] | [2] | [3] | [4] |\n| G1 | CLO1.1 | Hiểu và giải thích được một vấn đề cụ thể liên quan đến lĩnh vực An toàn thông tin | 4 |\n| G1 | CLO1.2 | Triển khai được quy trình phân tích, thiết kế, phát triển, vận hành và quản trị các hệ thống thông tin nhằm hỗ trợ giải quyết một vấn đề cụ thể liên quan đến lĩnh vực An toàn thông tin | 5 |\n| G2 | CLO2.1 | Có kỹ năng giao tiếp, quản lý tốt thời gian và nguồn lực; nhạy bén và thích ứng tốt với sự thay đổi. | 5 |\n| G2 | CLO2.2 | Có kỹ năng giao tiếp bằng văn bản; viết báo cáo và thuyết trình chuyên môn liên quan tới kế h"",
    ""thuyết trình chuyên môn liên quan tới kế hoạch, chiến lược và thực thi các hoạt động được giao; có kỹ năng giao tiếp trên môi trường mạng. Sinh viên có khả năng lập trình, xây dựng cơ sở dữ liệu và vận dụng được những nguyên tắc cơ bản của quy trình phát triển phần mềm; có khả năng làm chủ các công nghệ, kỹ thuật để phát triển, vận hành và quản trị các hệ thống thông tin phục vụ các hoạt động tác nghiệp, quản lý và điều hành trong các tổ chức, doanh nghiệp; có khả năng khai thác các phần mềm chuyên dụng để phân tích dữ liệu, tổng hợp thông tin hỗ trợ quá trình ra quyết định; có khả năng quản trị các dự án về hệ thống thông tin. | PLO2.1,2.4 |\n| CG3 | Có thể làm việc độc lập hoặc tham gia ch"",""------ | ------------------- |\n| [1] | [2] | [3] |\n| CG1 | Sinh viên hiểu và áp dụng được kỹ thuật lập trình nâng cao để phát triển các hệ thống thông tin quản lý ứng dụng trong các lĩnh vực kinh tế, quản lý và quản trị kinh doanh; tham gia triển khai các hệ thống thông minh. | PLO1.5A PLO1.5B |\n| CG2 | Sinh viên có khả năng áp dụng các kiến thức chuyên sâu về lập trình phát triển các hệ thống thông tin quản lý. Có khả năng triển khai các hệ thống quản trị điều hành thông minh. | PLO2.2.3A PLO2.2.3B |\n| CG3 | Có thể làm việc độc lập hoặc tham gia chủ động, tích cực, hiệu quả vào các hoạt động của nhóm. Có trách nhiệm xã hội và đạo đức nghề nghiệp trong lĩnh vực Hệ thống thông tin quản lý. |""",multi_hop
q041,"E đang có dự định vào ngành Hệ thống thông tin quản lý của trường mình và có định hướng sau này làm IT BA, liệu ngành này có thực sự đáp ứng được nhu cầu của em ko ạ","Ngành Hệ thống thông tin quản lý (7340405) rất phù hợp với định hướng IT BA! Ngành kết hợp CNTT và quản trị, đào tạo:
- Phân tích nghiệp vụ
- Phân tích và thiết kế hệ thống
- Quản lý dự án CNTT
- Cơ sở dữ liệu
Đây chính là bộ kỹ năng cốt lõi của một IT Business Analyst.","    ""12cb7093-e477-4955-9a13-136458bac517"",
    ""e81655d8-af72-4f8b-a257-a2c4892e16ff"",
    ""27b5f989-0e9d-4480-ac97-777c876e66fd"", ""6f42f65b-e1a7-4c3b-a823-13fabb4ebf4d""","""ề chính như sau:\n\nTổng quan về Hệ thống thông tin trong kinh doanh toàn cầu ngày nay\n\nHợp tác và kinh doanh điện tử toàn cầu\n\nHệ thống thông tin, tổ chức và chiến lược\n\nCơ sở hạ tầng Công nghệ thông tin\n\nCơ sở dữ liệu và quản lý thông tin\n\nViễn thông và mạng Internet\n\nBảo mật hệ thống thông tin\n\n4. TÀI LIỆU HỌC TẬP (Leaning Resources: Course Books, Reference Books, and Softwares)\n\n4.1 Giáo trình\n\n[1] Châu Văn Trung. (2006). Tiếng Anh chuyên ngành Hệ thống thông tin. NXB Giao thông vận tải.\n\n4.2 Tài liệu tham khảo \n\n[2] C. Laudon and P. Laudon. (2018). Management Information Systems: Managing the Digital Firm, 15th Edition. Pearson.\n\n[3] David Hill. (2013). English for Information Technology."",
    ""viên sẽ lập một báo cáo để tổng hợp những nội dung đã nghiên cứu.\n\n Học phần cũng nhằm rèn luyện kỹ năng tư duy, khả năng tự tìm hiểu các kiến thức về Hệ thống thông tin quản lý. Sinh viên sẽ làm việc độc lập hoặc theo nhóm để tìm hiểu sâu các công nghệ, từ đó có thể trình bày, thuyết trình về một trong các giải pháp liên quan đến quy trình phân tích, thiết kế, phát triển, vận hành và quản trị các hệ thống thông tin hỗ trợ hoạt động tác nghiệp, quản lý và điều hành trong các tổ chức, doanh nghiệp.\n\n4. TÀI LIỆU HỌC TẬP (Learning resources: Course Books, Reference Books, and Softwares)\n\n4.1. Giáo trình\n\n[1] Các giáo trình chuyên ngành theo hướng dẫn của giảng viên\n\n4.2. Tài liệu tham khảo\n\n[2"",
    ""| ThS Phùng Tiến Hải | 0903216863 | haipt@neu.edu.vn |\n| 5 | ThS Tống Minh Ngọc | 0901234876 | ngoctm@neu.edu.vn |\n\n3. MÔ TẢ HỌC PHẦN (COURSE DESCRIPTIONS) \n\nHọc phần cơ sở dữ liệu cung cấp cho sinh viên ngành Khoa học máy tính, ngành Công nghệ thông tin, ngành Hệ thống thông tin quản lý, Thống kê kinh tế, Khoa học dữ liệ, Phân tích kinh doanh… kiến thức cơ bản về cơ sở dữ liệu và các mô hình dữ liệu, về lý thuyết phân tích thiết kế cơ sở dữ liệu làm nền tảng cho các môn học chuyên sâu của ngành và chuyên ngành sau này. Định hướng sinh viên đến việc quản trị cơ sở dữ liệu và các kiến thức nhằm khai thác cơ sở dữ liệu với những công cụ khác nhau.\n\nPhát triển các ứng dụng trong quản lý: Các t"",""and Teachers)\n\nKhoa/Viện quản lý: Khoa Hệ thống thông tin quản lý\n\nĐịa chỉ: Phòng 1308 Nhà A1, Trường Công nghệ, Trường Đại học Kinh tế Quốc dân, 207 Giải Phóng, Hai Bà Trưng, Hà Nội\n\nGiảng viên: \n\n| STT | Họ và tên | Email NEU |\n| ---- | ------------------- | ------------------------ |\n| 1 | TS. Đoàn Quang Minh | doanquangminh@neu.edu.vn |\n| 2 | ThS. Đàm Lan Nhi | damlannhi@neu.edu.vn |\n\n3. MÔ TẢ HỌC PHẦN (Course Descriptions) \n\nHọc phần Tiếng Anh ngành Hệ thống thông tin quản lý giúp sinh viên phát triển toàn diện bốn kỹ năng giao tiếp bằng tiếng Anh trong môi trường chuyên môn liên quan đến Hệ thống thông tin quản lý. Học phần này đặc biệt chú trọng đến việc phát triển cho sinh viên vốn t""
  ",multi_hop
q042,"Dạ em định thi vào ngành thống kê kinh tế ở trường mình ạ, anh chị có thể cho em xin review về ngành cũng như cơ hội việc làm được không ạ?","Ngành Thống kê kinh tế (7310107) tại NEU là ngành học kết hợp giữa toán thống kê và kinh tế học. Chương trình đào tạo bao gồm:
- Lý thuyết xác suất và thống kê toán
- Thống kê kinh tế
- Kinh tế vi mô và vĩ mô
- Phân tích dữ liệu
Cơ hội việc làm rất đa dạng: chuyên viên phân tích dữ liệu, nghiên cứu thị trường, chuyên viên tài chính, cơ quan thống kê nhà nước.","    ""50349a4e-f87e-44ea-ac5f-483ff55ddcf3"",
    ""71d62872-cf55-4595-a5be-765137cb6ee2"",
        ""66eaf8f8-c56e-4f85-bd0a-4e59880c476d"",
    ""a45fb3c1-82ec-42f0-a192-4d3d4f915188"",    ""3105be74-a6ef-418c-8e47-4855f7971093"",
    ""c70b0eee-bc4c-4404-ab9d-8724e30785cd"",
    ""54c2425b-1fea-4597-bbac-5a0c7a22c18c"",","""ực tiếp và chặt chẽ với các môn kinh tế học, quản lý kinh tế, tài chính, toán kinh tế và là cơ sở cho phân tích thống kê, kinh tế lượng và dự báo các vấn đề kinh tế. \n\n4. TÀI LIỆU HỌC TẬP \n\n(Learning resources: Course Books, Reference Books, and Softwares)\n\n4.1. Giáo trình\n\n[1] GS.TS. Phan Công Nghĩa, PGS.TS Bùi Đức Triệu (2022), Giáo trình Thống kê kinh tế, NXB Đại học Kinh tế quốc dân, Hà Nội.\n\n4.2. Tài liệu tham khảo\n\n[2] PGS.TS. Trần Thị Kim Thu (2023), Giáo trình Lý thuyết Thống kê, NXB Đại học Kinh tế quốc dân.\n\n[3] Hệ thống ngành kinh tế quốc dân ở Việt Nam.\n\nhttps://luatvietnam.vn/chinh-sach/quyet-dinh-43-2018-qd-ttg-ve-he-thong-nganh-san-pham-viet-nam-168568-d1.html#taive\n\n[4] Hệ th"",
    ""y dựng và hạch toán hệ thống chỉ tiêu kinh tế, nghiên cứu quá trình tái sản xuất xã hội trên phạm vi toàn bộ nền kinh tế quốc dân. Nội dung môn học phản ánh chi tiết các hoạt động kinh tế phức tạp trong nền kinh tế, tác động qua lại giữa chúng và quan hệ giữa nền kinh tế quốc nội với phần còn lại của thế giới. Thống kê kinh tế không chỉ là môn học chính của ngành thống kê kinh tế mà còn là môn cơ sở cho các ngành thuộc khối ngành kinh tế và quản trị kinh doanh. Thống kê kinh tế có mối liên hệ trực tiếp và chặt chẽ với các môn kinh tế học, quản lý kinh tế, tài chính, toán kinh tế và là cơ sở cho phân tích thống kê, kinh tế lượng và dự báo các vấn đề kinh tế. \n\n4. TÀI LIỆU HỌC TẬP \n\n(Learning"",
""oa Thống kê\n\nĐịa chỉ: Phòng 814, Nhà A1, Trường ĐH Kinh tế Quốc dân\n\nGiảng viên giảng dạy học phần: \n\n| STT | Họ và tên | Email NEU |\n| ---- | --------------------- | ------------------ |\n| | PGS.TS. Bùi Đức Triệu | trieubd@neu.edu.vn |\n| | TS. Nguyễn Minh Thu | nmthu@neu.edu.vn |\n| | TS. Chu Thị Bích Ngọc | ngoccb@neu.edu.vn |\n| | TS. Trần Thị Nga | ttnga@neu.edu.vn |\n| | ThS. Trần Hoài Nam | namth@neu.edu.vn |\n\n \n\n3. MÔ TẢ HỌC PHẦN (Course Descriptions)\n\nHọc phần nghiên cứu phương pháp luận xây dựng và hạch toán hệ thống chỉ tiêu kinh tế, nghiên cứu quá trình tái sản xuất xã hội trên phạm vi toàn bộ nền kinh tế quốc dân. Nội dung môn học phản ánh chi tiết các hoạt động kinh tế phức tạp tro"",
    ""học Kinh tế quốc dân.\n\n[3] Hệ thống ngành kinh tế quốc dân ở Việt Nam.\n\nhttps://luatvietnam.vn/chinh-sach/quyet-dinh-43-2018-qd-ttg-ve-he-thong-nganh-san-pham-viet-nam-168568-d1.html#taive\n\n[4] Hệ thống ngành sản phẩm Việt Nam \n\nQuyết định 43/2018/QĐ-TTg về Hệ thống ngành sản phẩm Việt Nam (luatvietnam.vn)\n\n[5] UN, IMF, OECD, UN, WB (2009), System of National Accounts 2008 \n\n https://unstats.un.org/unsd/nationalaccount/docs/sna2008.pdf \n\n4.3. Phần mềm\n\n5. MỤC TIÊU HỌC PHẦN (Course Goals)\n\nBảng 1. Mục tiêu học phần\n\n| Mã / Code | Mô tả mục tiêu học phần (CG) | CĐR/PLO của CTĐT |\n| --------- | ----------------------------------------------------------------------------------------------------"",""ệ thống tài khoản quốc gia 1.4. Các phân tổ chính của thống kê kinh tế | [1] Chương 1, 2, 3 [2] Chương 1, 2, 3 [3], [4], [5] | Giảng viên - Giới thiệu đề cương, giáo trình, tài liệu tham khảo, slide - Giảng lý thuyết và giới thiệu ví dụ - Hướng dẫn đọc giáo trình và tài liệu tham khảo - Yêu cầu sinh viên xem trước ví dụ, câu hỏi, bài tập dành cho seminar 1 Sinh viên - Xem trước đề cương - Đọc các tài liệu | | 1.1 2.1 2.2 |\n| 2 | Seminar 1 - Tóm tắt kiến thức của Lecture 1 - Thảo luận về các ví dụ, câu hỏi, bài tập của seminar 1 | [1] Chương 1, 2, 3 [2] Chương 1, 2, 3 [3], [4], [5] | Giảng viên - Nhắc lại các kiến thức đã học - Hướng dẫn thảo luận, trả lời các câu hỏi ví dụ, bài tập Sinh viên"",
    ""----------------------------------------------------------------------------------------------------------------------------------------------------------------- | ----------------------------------------------------------------------------------------------- | ----------------------------------- |\n| [1] | [2] | [3] | [4] | [5] | [6] |\n| 1 | Lecture 1. Những vấn đề chung về Thống kê kinh tế 1.1. Đối tượng nghiên cứu của Thống kê kinh tế 1.2. Hệ thống chỉ tiêu thống kê chủ yếu 1.3. Khái quát về hệ thống tài khoản quốc gia 1.4. Các phân tổ chính của thống kê kinh tế | [1] Chương 1, 2, 3 [2] Chương 1, 2, 3 [3], [4], [5] | Giảng viên - Giới thiệu đề cương, giáo trình, tài liệu tham khảo, slide -"",
    ""| BỘ GIÁO DỤC VÀ ĐÀO TẠO TRƯỜNG ĐẠI HỌC KINH TẾ QUỐC DÂN | CỘNG HÒA XÃ HỘI CHỦ NGHĨA VIỆT NAM Độc lập – Tự do – Hạnh phúc |\n| ------------------------------------------------------------------------ | ------------------------------------------------------------------------ |\n| | |\n| ĐỀ CƯƠNG CHI TIẾT HỌC PHẦN (Detailed Course Syllabus) | ĐỀ CƯƠNG CHI TIẾT HỌC PHẦN (Detailed Course Syllabus) |\n| (Ban hành kèm theo Quyết định số 628/QĐ-ĐHKTQD ngày 18 tháng 6 năm 2024) | (Ban hành kèm theo Quyết định số 628/QĐ-ĐHKTQD ngày 18 tháng 6 năm 2024) |\n\n1. THÔNG TIN TỔNG QUÁT (General Information)\n\nTên học phần (tiếng Việt): Thống kê kinh tế \n\nTên học phần (tiếng Anh): Economic Statistics \n\nTrình độ đà"",
    
    ",global
q043,Học Ngôn ngữ Anh tại NEU ra trường làm được gì ạ?,"Ngành Ngôn ngữ Anh (7220201) tại NEU đào tạo sinh viên có năng lực tiếng Anh chuyên sâu trong lĩnh vực kinh tế và kinh doanh. Ra trường có thể làm:
- Phiên dịch, biên dịch kinh tế
- Chuyên viên quan hệ quốc tế
- Nhân viên kinh doanh quốc tế
- Giáo viên tiếng Anh
- Chuyên viên xuất nhập khẩu",,,single_hop
q044,"Cho em hỏi là gia đình em có truyền thống làm kinh doanh, em nên học các ngành Quản trị hay nên học chuyên sâu về Tài chính để sau này kế nghiệp ạ?","Cả hai hướng đều phù hợp để kế nghiệp kinh doanh gia đình:
- Quản trị kinh doanh (7340101): phù hợp nếu bạn muốn quản lý vận hành tổng thể doanh nghiệp, chiến lược, nhân sự, marketing.
- Tài chính - Ngân hàng (7340201): phù hợp nếu doanh nghiệp cần người quản lý dòng tiền, đầu tư, huy động vốn.
Nếu cần kế nghiệp tổng quát, Quản trị kinh doanh là lựa chọn toàn diện hơn.",,,global
q045,Học ngành Kinh tế quốc tế sau này ra trường làm vị trí gì?,"Ngành Kinh tế quốc tế (7310106) tại NEU đào tạo chuyên gia về kinh tế và thương mại quốc tế. Ra trường có thể đảm nhiệm:
- Chuyên viên phân tích thị trường quốc tế
- Chuyên viên xuất nhập khẩu
- Chuyên viên tại các tổ chức quốc tế (WTO, IMF, WB)
- Cán bộ Bộ Ngoại giao, Bộ Công Thương
- Chuyên viên tài chính quốc tế tại ngân hàng","""7ad5982e-5cb3-43cb-bca2-83c509c361bb"",
    ""a2a87316-5f38-4591-be11-2c29bb761b8e"",
   ""61e7dbe6-783e-48e4-9bee-e73d254eca57"",""062bd3bd-be2b-4029-a3f2-31f7d59b6eec""","""lý: Viện Thương mại và Kinh tế Quốc tế\n\nĐịa chỉ: Tầng 9 Nhà A1, Trường ĐH Kinh tế Quốc dân\n\nGiảng viên: \n\n| STT | Họ và tên | Email NEU |\n| ---- | ---------------------- | ------------------- |\n| 1 | PGS.TS Tạ Văn Lợi | loitv@neu.edu.vn |\n| 2 | TS. Mai Thế Cường | cuongmt@neu.edu.vn |\n| 3 | TS. Nguyễn Thu Ngà | thunga@neu.edu.vn |\n| 4 | TS. Trần Thị Thu Trang | trangttt@neu.edu.vn |\n| 5 | TS. Nguyễn Lan Ngọc | ngocnl@neu.edu.vn |\n\n3. MÔ TẢ HỌC PHẦN (Course Descriptions) \n\nHọc phần Quản trị quốc tế được xây dựng phục vụ cho việc giảng dạy sinh viên chuyên ngành quản trị kinh doanh quốc tế thuộc các hệ đào tạo dài hạn tập trung, hệ vừa làm vừa học, hệ văn bằng II ở các trường đại học kinh tế"",
    ""cơ quan đại diện thương mại, đầu tư của Việt Nam ở nước ngoài; \n\nCác tổ chức quốc tế; \n\nCác đại sứ quán;\n\nCác doanh nghiệp xuất - nhập khẩu, có vốn đầu tư nước ngoài và cung ứng dịch vụ quốc tế.\n\nKhả năng học tập nâng cao trình độ sau tốt nghiệp: Sinh viên tốt nghiệp ngành Kinh tế quốc tế có thể tiếp tục học tập trình độ cao hơn tại Trường Đại học Kinh tế quốc dân cũng như các trường đại học khác ở trong và ngoài nước về kinh tế và quản trị kinh doanh, đặc biệt là ngành Kinh tế quốc tế. \n\n5. QUY TRÌNH ĐÀO TẠO, ĐIỀU KIỆN TỐT NGHIỆP\n\nChương trình đào tạo theo quy chế đào tạo của Bộ Giáo dục và Đào tạo và của Trường Đại học Kinh tế Quốc dân. Kế hoạch đào tạo chuẩn là 04 năm, sinh viên có thể t"",
   ""nâng cao\n\nCử nhân ngành Kinh tế Phát triển có thể làm việc tại:\n\n- Các đơn vị kinh tế (doanh nghiệp, tổ chức tài chính tín dụng, các đơn vị sự nghiệp công…) ở các vị trí quản lý điều hành, tham mưu hoạch định, chiến lược chính sách \n\n- Các cơ quan nhà nước từ trung ương đến địa phương trong lĩnh vực quản lý kinh tế đặc biệt là các cơ quan làm việc trong môi trường quốc tế; \n\n- Các tổ chức và đối tác phát triển (như WB, ADB, UN, FAO…); \n\n- Các tổ chức phi chính phủ về phát triển (DIFID, SIDA, CIDA, OXFAM…); \n\n- Các viện nghiên cứu kinh tế, các trường đại học, cao đẳng các tổ chức tư vấn trong nước và quốc tế;\n\nKhả năng học tập nâng cao trình độ sau tốt nghiệp: Các khóa học thạc sĩ, tiến sĩ về"",""nh tế và tài chính như ngân hàng, quỹ đầu tư, công ty bảo hiểm, công ty chứng khoán, các trung tâm nghiên cứu và tư vấn kinh tế và các doanh nghiệp khác trong nền kinh tế.\n\nChuyên viên phân tích và tư vấn về kinh tế trong các cơ quan quản lý nhà nước từ trung ương đến địa phương (Ngân hàng Nhà nước, các Bộ/Sở Tài chính, Kế hoạch Đầu tư, …), các cơ quan giám sát và quản lý kinh tế vĩ mô, các tổ chức phi chính phủ, và các cơ quan nhà nước khác.\n\nGiảng viên, nghiên cứu viên về kinh tế trong các viện nghiên cứu, các trường đại học, các tổ chức nghiên cứu thị trường.\n\nKhả năng học tập nâng cao trình độ sau tốt nghiệp ở các bậc học cao hơn tại các trường đại học trong nước và quốc tế.\n\n5. QUY TRÌN""
  ",single_hop
q046,Ngành Công nghệ thông tin của NEU tập trung vào lập trình hay ứng dụng CNTT trong kinh tế hơn ạ,"Ngành Công nghệ thông tin (7480201) tại NEU có đặc thù riêng so với các trường kỹ thuật: chương trình kết hợp kỹ năng lập trình kỹ thuật với ứng dụng CNTT trong môi trường kinh tế - kinh doanh. Sinh viên được học cả lập trình (Java, Web, Python) lẫn các ứng dụng hệ thống thông tin trong doanh nghiệp.",,,single_hop
q047,Học ngành Kinh tế học ra trường thường làm ở các cơ quan nhà nước hay doanh nghiệp tư nhân ạ?,"Ngành Kinh tế học (7310101) tại NEU đào tạo sinh viên có khả năng phân tích kinh tế vĩ mô và vi mô. Ra trường có thể làm ở cả hai khu vực:
- Nhà nước: Bộ Kế hoạch & Đầu tư, Tổng cục Thống kê, ngân hàng nhà nước, viện nghiên cứu
- Tư nhân: phân tích kinh tế tại ngân hàng thương mại, công ty tư vấn, tổ chức tài chính quốc tế
Tỷ lệ làm ở khu vực tư nhân ngày càng tăng do nhu cầu phân tích dữ liệu kinh tế.",,,global
q048,Nếu em muốn sau này làm việc trong ngân hàng thì nên học Tài chính - Ngân hàng hay Toán kinh tế ạ?,"Cả hai ngành đều có thể làm việc trong ngân hàng nhưng khác nhau về vị trí:
- Tài chính - Ngân hàng (7340201): phù hợp hơn cho các vị trí trực tiếp như tín dụng, giao dịch viên, phân tích tài chính ngân hàng.
- Toán kinh tế (7310108): phù hợp cho các vị trí phân tích định lượng, quản lý rủi ro, actuarial trong ngân hàng và bảo hiểm.
Nếu chắc chắn muốn vào ngân hàng, Tài chính - Ngân hàng là lựa chọn trực tiếp hơn.",,,global
q049,"Em học hơi kém toán nhưng thích NEU lắm, em muốn hỏi học Kinh tế ở NEU có cần phải giỏi Toán thực sự không, hay chỉ cần tính toán cơ bản","Tùy ngành cụ thể:
- Các ngành như Quản trị kinh doanh, Marketing, Kinh doanh quốc tế: chỉ cần toán cơ bản, tập trung nhiều vào kỹ năng mềm và kinh doanh.
- Các ngành như Toán kinh tế, Thống kê kinh tế, Kinh tế học: yêu cầu tư duy toán tốt hơn.
Nếu học hơi yếu toán, bạn có thể cân nhắc ngành Quản trị kinh doanh, Marketing hoặc Kinh doanh quốc tế — vẫn học ở NEU mà không quá nặng toán.",,,global
q050,"Em thấy trường mình có rất nhiều ngành về mảng Kinh tế và Kinh doanh, hai cái này khác nhau thế nào, cái nào dễ học hơn ạ?","Sự khác biệt cơ bản:
- Kinh tế (Economics): nghiên cứu lý thuyết, phân tích vĩ mô/vi mô, mô hình kinh tế. Ví dụ: Kinh tế học, Kinh tế quốc tế, Kinh tế phát triển.
- Kinh doanh (Business): tập trung thực hành quản lý, vận hành, marketing doanh nghiệp. Ví dụ: Quản trị kinh doanh, Marketing, Kinh doanh quốc tế.
Kinh doanh thường được coi là 'dễ học hơn' vì ít lý thuyết toán, nhưng cần kỹ năng mềm tốt.","    ""50349a4e-f87e-44ea-ac5f-483ff55ddcf3"",
    ""41181638-d475-4a44-820d-0b00b7095b84"",""f9f63ff3-9bcb-4bc5-a710-c361bba8bbf0"",
    ""1d03b8cc-ce64-47f0-8680-99eb6cb5a769""","""ực tiếp và chặt chẽ với các môn kinh tế học, quản lý kinh tế, tài chính, toán kinh tế và là cơ sở cho phân tích thống kê, kinh tế lượng và dự báo các vấn đề kinh tế. \n\n4. TÀI LIỆU HỌC TẬP \n\n(Learning resources: Course Books, Reference Books, and Softwares)\n\n4.1. Giáo trình\n\n[1] GS.TS. Phan Công Nghĩa, PGS.TS Bùi Đức Triệu (2022), Giáo trình Thống kê kinh tế, NXB Đại học Kinh tế quốc dân, Hà Nội.\n\n4.2. Tài liệu tham khảo\n\n[2] PGS.TS. Trần Thị Kim Thu (2023), Giáo trình Lý thuyết Thống kê, NXB Đại học Kinh tế quốc dân.\n\n[3] Hệ thống ngành kinh tế quốc dân ở Việt Nam.\n\nhttps://luatvietnam.vn/chinh-sach/quyet-dinh-43-2018-qd-ttg-ve-he-thong-nganh-san-pham-viet-nam-168568-d1.html#taive\n\n[4] Hệ th"",
    ""mymuaha@yahoo.com |\n| 16 | ThS. Phạm Thanh Vân | vanpham.qtkd@gmail.com |\n| 17 | ThS. Đỗ Ngọc Điệp | ngocdiepdo49@gmail.com |\n| 18 | ThS. Trần Nhật Minh | minhaoftran@gmail.com |\n\n3. MÔ TẢ HỌC PHẦN (Course descriptions)\n\nQuản trị kinh doanh là học phần đại cương, chỉ tập trung nghiên cứu những vấn đề cơ sở về kinh doanh và quản trị kinh doanh trong doanh nghiệp. Đó là những kiến thức chung nhất làm cơ sở để sinh viên có thể nghiên cứu sâu các kiến thức kỹ năng cụ thể ở các học phần khác. Hai vấn đề cơ bản được nghiên cứu là \n\n- Kinh doanh gồm các vấn đề chung về kinh doanh, môi trường kinh doanh và hiệu quả kinh doanh\n\n- Quản trị kinh doanh gồm các kiến thức quản trị kinh doanh cơ sở, nội du"",
   
""à vi mô. Tiếp theo học phần Kinh tế đầu tư I, học phần kinh tế đầu tư II nghiên cứu tình hình đầu tư công; những vấn đề về bản chất, vai trò, nội dung của hoạt động đầu tư phát triển trong doanh nghiệp; đặc điểm và các yếu tố cấu thành môi trường đầu tư, tác động của môi trường đầu tư đến ý định và hành vi đầu tư. Những kiến thức do môn học kinh tế đầu tư II trang bị sẽ là nền tảng để tiếp thu kiến thức của các môn học chuyên ngành Kinh tế Đầu tư khác như Lập dự án đầu tư, Quản lý dự án đầu tư, Thị trường vốn đầu tư... \n\nNội dung chính:\n\nĐầu tư công\n\nMối quan hệ giữa đầu tư công và nợ công\n\nĐầu tư trong doanh nghiệp\n\nThủ tục đầu tư khi triển khai dự án đầu tư\n\nMôi trường đầu tư\n\nCông tác xúc"",
    ""-------------------------------------------------------- | ----------------- |\n| [1] | [2] | [3] |\n| CG1 | Sinh viên vận dụng được các kiến thức từ cơ bản và chuyên sâu về các lý thuyết, mô hình kinh tế và kinh doanh, vào việc phát triển các phân tích, lập luận và đánh giá các chính sách, các quyết định kinh tế và kinh doanh trong thực tiễn. Phát hiện và giải quyết các vấn đề chuyên sâu về kinh tế học đang diễn ra trong nền kinh tế ở cả cấp độ vi mô và vĩ mô. | PLO1.2 - 1.6 |\n| CG2 | Sinh được bồi đắp và pháp triển kỹ năng tìm kiếm, thu thập dữ liệu, tài liệu nghiên cứu, kỹ năng tổng luận các tài liệu thứ cấp. thuần thục và sáng tạo trong việc đưa các công cụ phân tích định tính và định lượn""
  ",global